"speciesid","active","dead","hunger","maturity","x_loc","y_loc","emergence","interactions","midpoint","scale","skew","midpoint.sensitivity","scale.sensitivity","skew.sensitivity","generalism","lifespan","efficacy","1","2","3","4","5","6","7","8","9","10","11","12","13","14","15","16","17","18","19","20","season","run"
1,0,0,0,0,0,0,0,18,141.41247424297,-0.404168542264961,1.21378600783646,1.63794433821138,0.000768737813923508,0.012841709968634,1,41,0.068727998402901,1,1,1,1,1,1,1,1,0,1,1,1,1,1,1,1,1,0,1,1,-1,17
2,0,0,0,0,0,0,0,3,106.540154591203,0.360914403665811,1.28910970222205,-5.00713341090227,0.0053840811457485,-0.00930323356529698,0,32,0.0404789488762617,0,0,0,0,1,0,1,0,0,0,0,0,0,0,0,1,0,0,0,0,-1,17
3,0,0,0,0,0,0,0,4,123.271450591274,0.363748050900176,1.44188998802565,-10.436058739944,-0.00277215646230616,0.0232264494965784,0,42,0.0865697060525417,0,0,1,1,0,0,0,0,0,1,1,0,0,0,0,0,0,0,0,0,-1,17
4,0,0,0,0,0,0,0,6,142.616628594697,-0.568109256145544,1.71234036795795,-8.86047316369593,0.00446006854297593,-0.00782024117885157,1,39,0.0349792427383363,0,0,0,0,0,0,0,1,0,1,0,1,0,1,1,0,0,0,1,0,-1,17
5,0,0,0,0,0,0,0,3,97.1283228462562,0.420505238324404,1.69144993694499,-0.915686486191255,-0.00334847497055307,-0.000602608595509082,0,41,0.0292868710542098,0,0,0,1,0,0,0,0,0,1,0,0,0,0,0,0,1,0,0,0,-1,17
6,0,0,0,0,0,0,0,5,122.804240374826,-0.32533461113926,1.03653303044848,-1.81313348464797,-0.000415165657177568,0.0194750041444786,0,37,0.0190645014774054,1,1,1,0,0,1,0,0,0,1,0,0,0,0,0,0,0,0,0,0,-1,17
7,0,0,0,0,0,0,0,1,103.965192264877,-0.344477499788627,1.70423313300125,-10.5119256143227,-0.00040258378139697,0.0319746910221875,0,32,0.034525446081534,0,0,0,0,0,0,0,0,0,0,0,0,0,1,0,0,0,0,0,0,-1,17
8,0,0,0,0,0,0,0,2,126.13606704399,0.41108438456431,1.05874260235578,-1.17932940281844,0.000331835385877639,0.0314579899865203,0,34,0.0638637645565905,0,1,0,0,0,0,0,0,0,0,0,0,0,0,0,0,0,0,0,1,-1,17
9,0,0,0,0,0,0,0,20,132.752346354537,0.558353286492638,1.07452223659493,7.33542102496834,-0.00116955306031741,0.0305701359501109,1,33,0.0162992095714435,1,1,1,1,1,1,1,1,1,1,1,1,1,1,1,1,1,1,1,1,-1,17
10,0,0,0,0,0,0,0,19,128.934216080233,-0.55100453956984,1.00044957455248,-3.6063645009817,0.00901457453379408,0.0391251234896481,1,32,0.0416760022891685,1,1,1,1,1,1,0,1,1,1,1,1,1,1,1,1,1,1,1,1,-1,17
11,0,0,0,0,0,0,0,11,101.253744964488,0.522164115286432,1.72090162802488,-0.248059799017545,0.0085436969762668,0.000263650643173605,1,29,0.0805781865073368,1,0,1,0,1,0,0,0,0,1,1,1,1,0,1,0,1,1,0,1,-1,17
12,0,0,0,0,0,0,0,4,104.30357335601,0.595729740452953,1.56147958920337,3.57796013347235,0.00220315452199429,0.00336126999231055,0,34,0.08129871198209,0,0,0,0,1,0,0,0,0,0,1,0,0,1,0,1,0,0,0,0,-1,17
13,0,0,0,0,0,0,0,2,94.2232255171984,-0.309624546580017,1.66407183394767,-2.80564769656325,-0.000939879071665928,0.018789042623248,0,30,0.0755540296575055,0,0,0,0,0,0,0,0,0,0,0,0,0,0,0,0,1,1,0,0,-1,17
14,0,0,0,0,0,0,0,11,97.1690472587943,-0.453655227972195,1.35769505077042,-7.47874637471387,0.00874715173267759,0.0327103354013525,1,27,0.0455362974759191,1,0,1,1,1,0,0,0,0,0,1,1,1,1,1,0,0,1,1,0,-1,17
15,0,0,0,0,0,0,0,2,127.087167995051,-0.469512657914311,1.66008409438655,-1.37236949354549,-0.0037893380119931,0.00368715260177851,0,37,0.0117919085524045,1,0,0,0,0,0,0,1,0,0,0,0,0,0,0,0,0,0,0,0,-1,17
16,0,0,0,0,0,0,0,4,100.10914276354,-0.364822540129535,1.00747301476076,11.5983673668224,0.00509889699751511,-0.00746971786953509,0,28,0.0922756693488918,1,0,0,0,0,1,1,0,0,0,0,1,0,0,0,0,0,0,0,0,-1,17
17,0,0,0,0,0,0,0,17,98.7586519075558,0.493050984176807,1.96033663582057,-0.94687077919571,0.00236265816143714,0.0268326222291216,1,30,0.0851377962180413,1,1,1,1,1,1,1,0,1,1,1,0,0,1,1,1,1,1,1,1,-1,17
18,0,0,0,0,0,0,0,12,101.382815097459,0.488272850518115,1.63173962128349,-1.94709973011669,0.00159206847310998,0.0299910663603805,1,27,0.0672300400724635,1,0,1,1,1,0,0,0,0,1,0,1,1,1,1,0,0,1,1,1,-1,17
19,0,0,0,0,0,0,0,10,124.529671180062,-0.39998547763098,1.19829043513164,-2.83589572333992,0.00866261039744131,-0.00671925356378779,1,40,0.0277861420018598,1,0,1,0,1,0,1,0,1,1,0,1,1,0,0,1,0,0,0,1,-1,17
20,0,0,0,0,0,0,0,11,90.0112904096022,0.356760377297178,1.26093912799843,-7.03641237003943,0.00403443686547689,0.00498132559936494,1,34,0.0669898945232853,1,1,0,0,1,1,0,0,1,1,1,0,1,0,0,0,0,1,1,1,-1,17
21,0,0,0,0,0,0,0,2,109.699697261676,-0.36556504459586,1.68565211840905,-3.27000236146708,-0.0043828008021228,0.0261445004935376,0,37,0.0742812000471167,0,0,0,0,0,0,0,0,0,0,0,0,0,0,1,1,0,0,0,0,-1,17
22,0,0,0,0,0,0,0,3,94.6966821234673,0.474870929145254,1.96570572815835,-0.00822996708595802,-0.00419680843828246,0.0162729284935631,0,38,0.090936362487264,0,0,0,0,0,0,0,0,0,1,0,1,0,1,0,0,0,0,0,0,-1,17
23,0,0,0,0,0,0,0,2,126.250330517069,-0.503426827909425,1.03700199816376,-13.3460533649703,-0.00216620558639988,0.0083484970475547,0,34,0.0968048917688429,0,0,0,0,0,0,0,0,0,0,0,1,0,1,0,0,0,0,0,0,-1,17
24,0,0,0,0,0,0,0,10,109.607943333685,-0.468007540726103,1.03239361871965,1.52013153010279,-0.00466593650402501,0.00607242040336132,1,45,0.0423389647714794,0,1,0,1,1,0,1,1,0,0,1,1,0,1,0,1,0,1,0,0,-1,17
25,0,0,0,0,0,0,0,11,137.427154406905,-0.538533857557923,1.44975839206018,7.24406164077179,0.00516530085820705,0.0266534655098803,1,29,0.0706063228053972,1,0,1,1,1,0,0,0,1,0,1,0,0,0,1,0,1,1,1,1,-1,17
26,0,0,0,0,0,0,0,5,103.133041318506,0.409685743669979,1.73947147093713,-9.94520362388426,-0.00465823845239356,0.0272854093904607,0,27,0.0748562404303812,0,1,0,0,1,0,0,1,0,0,0,1,1,0,0,0,0,0,0,0,-1,17
27,0,0,0,0,0,0,0,3,138.603065572679,0.309271140745841,1.9352707255166,-4.73246069928134,-0.00174757022410631,0.0218573281285353,0,39,0.0254157241736539,0,0,0,0,0,1,0,1,0,0,0,0,0,0,1,0,0,0,0,0,-1,17
28,0,0,0,0,0,0,0,1,102.165179997683,0.545249903993681,1.88209500676021,-12.0290200330868,0.00322255885112099,0.00649867942323908,0,40,0.0905996137019247,0,0,0,0,0,0,0,0,0,0,1,0,0,0,0,0,0,0,0,0,-1,17
29,0,0,0,0,0,0,0,2,120.362701839767,-0.43115919646807,1.60039688413963,10.9450088673611,0.000255208886228502,0.0219021580275148,0,34,0.065300060599111,0,0,0,0,0,0,0,1,0,0,0,0,0,0,0,1,0,0,0,0,-1,17
30,0,0,0,0,0,0,0,7,121.240078504197,0.54628212202806,1.42948399437591,-11.9089783435015,0.00113571862573735,0.0093306153989397,1,33,0.0428702315245755,0,1,0,0,0,0,0,1,0,0,0,0,1,1,1,0,0,1,1,0,-1,17
1,0,0,0,0,12,32,143,18,141.41247424297,-0.404168542264961,1.21378600783646,1.63794433821138,0.000768737813923508,0.012841709968634,1,41,0.068727998402901,1,1,1,1,1,1,1,1,0,1,1,1,1,1,1,1,1,0,1,1,0,17
2,0,0,0,0,16,31,105,3,106.540154591203,0.360914403665811,1.28910970222205,-5.00713341090227,0.0053840811457485,-0.00930323356529698,0,32,0.0404789488762617,0,0,0,0,1,0,1,0,0,0,0,0,0,0,0,1,0,0,0,0,0,17
3,0,0,0,0,26,30,125,4,123.271450591274,0.363748050900176,1.44188998802565,-10.436058739944,-0.00277215646230616,0.0232264494965784,0,42,0.0865697060525417,0,0,1,1,0,0,0,0,0,1,1,0,0,0,0,0,0,0,0,0,0,17
4,0,0,0,0,14,35,142,6,142.616628594697,-0.568109256145544,1.71234036795795,-8.86047316369593,0.00446006854297593,-0.00782024117885157,1,39,0.0349792427383363,0,0,0,0,0,0,0,1,0,1,0,1,0,1,1,0,0,0,1,0,0,17
5,0,0,0,0,13,10,105,3,97.1283228462562,0.420505238324404,1.69144993694499,-0.915686486191255,-0.00334847497055307,-0.000602608595509082,0,41,0.0292868710542098,0,0,0,1,0,0,0,0,0,1,0,0,0,0,0,0,1,0,0,0,0,17
6,0,0,0,0,29,19,124,5,122.804240374826,-0.32533461113926,1.03653303044848,-1.81313348464797,-0.000415165657177568,0.0194750041444786,0,37,0.0190645014774054,1,1,1,0,0,1,0,0,0,1,0,0,0,0,0,0,0,0,0,0,0,17
7,0,0,0,0,22,2,104,1,103.965192264877,-0.344477499788627,1.70423313300125,-10.5119256143227,-0.00040258378139697,0.0319746910221875,0,32,0.034525446081534,0,0,0,0,0,0,0,0,0,0,0,0,0,1,0,0,0,0,0,0,0,17
8,0,0,0,0,8,26,133,2,126.13606704399,0.41108438456431,1.05874260235578,-1.17932940281844,0.000331835385877639,0.0314579899865203,0,34,0.0638637645565905,0,1,0,0,0,0,0,0,0,0,0,0,0,0,0,0,0,0,0,1,0,17
9,0,0,0,0,32,20,129,20,132.752346354537,0.558353286492638,1.07452223659493,7.33542102496834,-0.00116955306031741,0.0305701359501109,1,33,0.0162992095714435,1,1,1,1,1,1,1,1,1,1,1,1,1,1,1,1,1,1,1,1,0,17
10,0,0,0,0,36,24,127,19,128.934216080233,-0.55100453956984,1.00044957455248,-3.6063645009817,0.00901457453379408,0.0391251234896481,1,32,0.0416760022891685,1,1,1,1,1,1,0,1,1,1,1,1,1,1,1,1,1,1,1,1,0,17
11,0,0,0,0,32,1,104,11,101.253744964488,0.522164115286432,1.72090162802488,-0.248059799017545,0.0085436969762668,0.000263650643173605,1,29,0.0805781865073368,1,0,1,0,1,0,0,0,0,1,1,1,1,0,1,0,1,1,0,1,0,17
12,0,0,0,0,30,37,99,4,104.30357335601,0.595729740452953,1.56147958920337,3.57796013347235,0.00220315452199429,0.00336126999231055,0,34,0.08129871198209,0,0,0,0,1,0,0,0,0,0,1,0,0,1,0,1,0,0,0,0,0,17
13,0,0,0,0,9,17,114,2,94.2232255171984,-0.309624546580017,1.66407183394767,-2.80564769656325,-0.000939879071665928,0.018789042623248,0,30,0.0755540296575055,0,0,0,0,0,0,0,0,0,0,0,0,0,0,0,0,1,1,0,0,0,17
14,0,0,0,0,26,12,98,11,97.1690472587943,-0.453655227972195,1.35769505077042,-7.47874637471387,0.00874715173267759,0.0327103354013525,1,27,0.0455362974759191,1,0,1,1,1,0,0,0,0,0,1,1,1,1,1,0,0,1,1,0,0,17
15,0,0,0,0,38,18,129,2,127.087167995051,-0.469512657914311,1.66008409438655,-1.37236949354549,-0.0037893380119931,0.00368715260177851,0,37,0.0117919085524045,1,0,0,0,0,0,0,1,0,0,0,0,0,0,0,0,0,0,0,0,0,17
16,0,0,0,0,37,35,97,4,100.10914276354,-0.364822540129535,1.00747301476076,11.5983673668224,0.00509889699751511,-0.00746971786953509,0,28,0.0922756693488918,1,0,0,0,0,1,1,0,0,0,0,1,0,0,0,0,0,0,0,0,0,17
17,0,0,0,0,15,23,89,17,98.7586519075558,0.493050984176807,1.96033663582057,-0.94687077919571,0.00236265816143714,0.0268326222291216,1,30,0.0851377962180413,1,1,1,1,1,1,1,0,1,1,1,0,0,1,1,1,1,1,1,1,0,17
18,0,0,0,0,24,3,99,12,101.382815097459,0.488272850518115,1.63173962128349,-1.94709973011669,0.00159206847310998,0.0299910663603805,1,27,0.0672300400724635,1,0,1,1,1,0,0,0,0,1,0,1,1,1,1,0,0,1,1,1,0,17
19,0,0,0,0,20,3,124,10,124.529671180062,-0.39998547763098,1.19829043513164,-2.83589572333992,0.00866261039744131,-0.00671925356378779,1,40,0.0277861420018598,1,0,1,0,1,0,1,0,1,1,0,1,1,0,0,1,0,0,0,1,0,17
20,0,0,0,0,14,1,91,11,90.0112904096022,0.356760377297178,1.26093912799843,-7.03641237003943,0.00403443686547689,0.00498132559936494,1,34,0.0669898945232853,1,1,0,0,1,1,0,0,1,1,1,0,1,0,0,0,0,1,1,1,0,17
21,0,0,0,0,8,18,112,2,109.699697261676,-0.36556504459586,1.68565211840905,-3.27000236146708,-0.0043828008021228,0.0261445004935376,0,37,0.0742812000471167,0,0,0,0,0,0,0,0,0,0,0,0,0,0,1,1,0,0,0,0,0,17
22,0,0,0,0,5,16,79,3,94.6966821234673,0.474870929145254,1.96570572815835,-0.00822996708595802,-0.00419680843828246,0.0162729284935631,0,38,0.090936362487264,0,0,0,0,0,0,0,0,0,1,0,1,0,1,0,0,0,0,0,0,0,17
23,0,0,0,0,10,2,129,2,126.250330517069,-0.503426827909425,1.03700199816376,-13.3460533649703,-0.00216620558639988,0.0083484970475547,0,34,0.0968048917688429,0,0,0,0,0,0,0,0,0,0,0,1,0,1,0,0,0,0,0,0,0,17
24,0,0,0,0,15,22,108,10,109.607943333685,-0.468007540726103,1.03239361871965,1.52013153010279,-0.00466593650402501,0.00607242040336132,1,45,0.0423389647714794,0,1,0,1,1,0,1,1,0,0,1,1,0,1,0,1,0,1,0,0,0,17
25,0,0,0,0,15,28,136,11,137.427154406905,-0.538533857557923,1.44975839206018,7.24406164077179,0.00516530085820705,0.0266534655098803,1,29,0.0706063228053972,1,0,1,1,1,0,0,0,1,0,1,0,0,0,1,0,1,1,1,1,0,17
26,0,0,0,0,40,36,101,5,103.133041318506,0.409685743669979,1.73947147093713,-9.94520362388426,-0.00465823845239356,0.0272854093904607,0,27,0.0748562404303812,0,1,0,0,1,0,0,1,0,0,0,1,1,0,0,0,0,0,0,0,0,17
27,0,0,0,0,23,23,138,3,138.603065572679,0.309271140745841,1.9352707255166,-4.73246069928134,-0.00174757022410631,0.0218573281285353,0,39,0.0254157241736539,0,0,0,0,0,1,0,1,0,0,0,0,0,0,1,0,0,0,0,0,0,17
28,0,0,0,0,35,8,105,1,102.165179997683,0.545249903993681,1.88209500676021,-12.0290200330868,0.00322255885112099,0.00649867942323908,0,40,0.0905996137019247,0,0,0,0,0,0,0,0,0,0,1,0,0,0,0,0,0,0,0,0,0,17
29,0,0,0,0,27,31,120,2,120.362701839767,-0.43115919646807,1.60039688413963,10.9450088673611,0.000255208886228502,0.0219021580275148,0,34,0.065300060599111,0,0,0,0,0,0,0,1,0,0,0,0,0,0,0,1,0,0,0,0,0,17
30,0,0,0,0,21,26,119,7,121.240078504197,0.54628212202806,1.42948399437591,-11.9089783435015,0.00113571862573735,0.0093306153989397,1,33,0.0428702315245755,0,1,0,0,0,0,0,1,0,0,0,0,1,1,1,0,0,1,1,0,0,17
26,0,0,0,0,2,5,106,5,103.133041318506,0.409685743669979,1.73947147093713,-9.94520362388426,-0.00465823845239356,0.0272854093904607,0,27,0.0748562404303812,0,1,0,0,1,0,0,1,0,0,0,1,1,0,0,0,0,0,0,0,1,17
17,0,0,0,0,6,32,100,17,98.7586519075558,0.493050984176807,1.96033663582057,-0.94687077919571,0.00236265816143714,0.0268326222291216,1,30,0.0851377962180413,1,1,1,1,1,1,1,0,1,1,1,0,0,1,1,1,1,1,1,1,1,17
13,0,0,0,0,22,24,100,2,94.2232255171984,-0.309624546580017,1.66407183394767,-2.80564769656325,-0.000939879071665928,0.018789042623248,0,30,0.0755540296575055,0,0,0,0,0,0,0,0,0,0,0,0,0,0,0,0,1,1,0,0,1,17
20,0,0,0,0,18,37,92,11,90.0112904096022,0.356760377297178,1.26093912799843,-7.03641237003943,0.00403443686547689,0.00498132559936494,1,34,0.0669898945232853,1,1,0,0,1,1,0,0,1,1,1,0,1,0,0,0,0,1,1,1,1,17
16,0,0,0,0,20,6,98,4,100.10914276354,-0.364822540129535,1.00747301476076,11.5983673668224,0.00509889699751511,-0.00746971786953509,0,28,0.0922756693488918,1,0,0,0,0,1,1,0,0,0,0,1,0,0,0,0,0,0,0,0,1,17
18,0,0,0,0,31,20,101,12,101.382815097459,0.488272850518115,1.63173962128349,-1.94709973011669,0.00159206847310998,0.0299910663603805,1,27,0.0672300400724635,1,0,1,1,1,0,0,0,0,1,0,1,1,1,1,0,0,1,1,1,1,17
11,0,0,0,0,28,11,105,11,101.253744964488,0.522164115286432,1.72090162802488,-0.248059799017545,0.0085436969762668,0.000263650643173605,1,29,0.0805781865073368,1,0,1,0,1,0,0,0,0,1,1,1,1,0,1,0,1,1,0,1,1,17
14,0,0,0,0,1,36,106,11,97.1690472587943,-0.453655227972195,1.35769505077042,-7.47874637471387,0.00874715173267759,0.0327103354013525,1,27,0.0455362974759191,1,0,1,1,1,0,0,0,0,0,1,1,1,1,1,0,0,1,1,0,1,17
22,0,0,0,0,35,4,91,3,94.6966821234673,0.474870929145254,1.96570572815835,-0.00822996708595802,-0.00419680843828246,0.0162729284935631,0,38,0.090936362487264,0,0,0,0,0,0,0,0,0,1,0,1,0,1,0,0,0,0,0,0,1,17
2,0,0,0,0,25,30,106,3,106.540154591203,0.360914403665811,1.28910970222205,-5.00713341090227,0.0053840811457485,-0.00930323356529698,0,32,0.0404789488762617,0,0,0,0,1,0,1,0,0,0,0,0,0,0,0,1,0,0,0,0,1,17
5,0,0,0,0,16,21,87,3,97.1283228462562,0.420505238324404,1.69144993694499,-0.915686486191255,-0.00334847497055307,-0.000602608595509082,0,41,0.0292868710542098,0,0,0,1,0,0,0,0,0,1,0,0,0,0,0,0,1,0,0,0,1,17
12,0,0,0,0,23,26,105,4,104.30357335601,0.595729740452953,1.56147958920337,3.57796013347235,0.00220315452199429,0.00336126999231055,0,34,0.08129871198209,0,0,0,0,1,0,0,0,0,0,1,0,0,1,0,1,0,0,0,0,1,17
7,0,0,0,0,14,20,98,1,103.965192264877,-0.344477499788627,1.70423313300125,-10.5119256143227,-0.00040258378139697,0.0319746910221875,0,32,0.034525446081534,0,0,0,0,0,0,0,0,0,0,0,0,0,1,0,0,0,0,0,0,1,17
6,0,0,0,0,11,15,118,5,122.804240374826,-0.32533461113926,1.03653303044848,-1.81313348464797,-0.000415165657177568,0.0194750041444786,0,37,0.0190645014774054,1,1,1,0,0,1,0,0,0,1,0,0,0,0,0,0,0,0,0,0,1,17
21,0,0,0,0,24,3,109,2,109.699697261676,-0.36556504459586,1.68565211840905,-3.27000236146708,-0.0043828008021228,0.0261445004935376,0,37,0.0742812000471167,0,0,0,0,0,0,0,0,0,0,0,0,0,0,1,1,0,0,0,0,1,17
28,0,0,0,0,18,30,105,1,102.165179997683,0.545249903993681,1.88209500676021,-12.0290200330868,0.00322255885112099,0.00649867942323908,0,40,0.0905996137019247,0,0,0,0,0,0,0,0,0,0,1,0,0,0,0,0,0,0,0,0,1,17
30,0,0,0,0,6,13,112,7,121.240078504197,0.54628212202806,1.42948399437591,-11.9089783435015,0.00113571862573735,0.0093306153989397,1,33,0.0428702315245755,0,1,0,0,0,0,0,1,0,0,0,0,1,1,1,0,0,1,1,0,1,17
24,0,0,0,0,32,39,111,10,109.607943333685,-0.468007540726103,1.03239361871965,1.52013153010279,-0.00466593650402501,0.00607242040336132,1,45,0.0423389647714794,0,1,0,1,1,0,1,1,0,0,1,1,0,1,0,1,0,1,0,0,1,17
8,0,0,0,0,27,28,128,2,126.13606704399,0.41108438456431,1.05874260235578,-1.17932940281844,0.000331835385877639,0.0314579899865203,0,34,0.0638637645565905,0,1,0,0,0,0,0,0,0,0,0,0,0,0,0,0,0,0,0,1,1,17
29,0,0,0,0,37,20,122,2,120.362701839767,-0.43115919646807,1.60039688413963,10.9450088673611,0.000255208886228502,0.0219021580275148,0,34,0.065300060599111,0,0,0,0,0,0,0,1,0,0,0,0,0,0,0,1,0,0,0,0,1,17
10,0,0,0,0,37,6,132,19,128.934216080233,-0.55100453956984,1.00044957455248,-3.6063645009817,0.00901457453379408,0.0391251234896481,1,32,0.0416760022891685,1,1,1,1,1,1,0,1,1,1,1,1,1,1,1,1,1,1,1,1,1,17
23,0,0,0,0,16,41,123,2,126.250330517069,-0.503426827909425,1.03700199816376,-13.3460533649703,-0.00216620558639988,0.0083484970475547,0,34,0.0968048917688429,0,0,0,0,0,0,0,0,0,0,0,1,0,1,0,0,0,0,0,0,1,17
19,0,0,0,0,13,22,128,10,124.529671180062,-0.39998547763098,1.19829043513164,-2.83589572333992,0.00866261039744131,-0.00671925356378779,1,40,0.0277861420018598,1,0,1,0,1,0,1,0,1,1,0,1,1,0,0,1,0,0,0,1,1,17
27,0,0,0,0,9,7,139,3,138.603065572679,0.309271140745841,1.9352707255166,-4.73246069928134,-0.00174757022410631,0.0218573281285353,0,39,0.0254157241736539,0,0,0,0,0,1,0,1,0,0,0,0,0,0,1,0,0,0,0,0,1,17
3,0,0,0,0,7,16,125,4,123.271450591274,0.363748050900176,1.44188998802565,-10.436058739944,-0.00277215646230616,0.0232264494965784,0,42,0.0865697060525417,0,0,1,1,0,0,0,0,0,1,1,0,0,0,0,0,0,0,0,0,1,17
9,0,0,0,0,18,26,135,20,132.752346354537,0.558353286492638,1.07452223659493,7.33542102496834,-0.00116955306031741,0.0305701359501109,1,33,0.0162992095714435,1,1,1,1,1,1,1,1,1,1,1,1,1,1,1,1,1,1,1,1,1,17
25,0,0,0,0,41,9,138,11,137.427154406905,-0.538533857557923,1.44975839206018,7.24406164077179,0.00516530085820705,0.0266534655098803,1,29,0.0706063228053972,1,0,1,1,1,0,0,0,1,0,1,0,0,0,1,0,1,1,1,1,1,17
15,0,0,0,0,24,5,124,2,127.087167995051,-0.469512657914311,1.66008409438655,-1.37236949354549,-0.0037893380119931,0.00368715260177851,0,37,0.0117919085524045,1,0,0,0,0,0,0,1,0,0,0,0,0,0,0,0,0,0,0,0,1,17
1,0,0,0,0,30,23,129,18,141.41247424297,-0.404168542264961,1.21378600783646,1.63794433821138,0.000768737813923508,0.012841709968634,1,41,0.068727998402901,1,1,1,1,1,1,1,1,0,1,1,1,1,1,1,1,1,0,1,1,1,17
4,0,0,0,0,24,40,144,6,142.616628594697,-0.568109256145544,1.71234036795795,-8.86047316369593,0.00446006854297593,-0.00782024117885157,1,39,0.0349792427383363,0,0,0,0,0,0,0,1,0,1,0,1,0,1,1,0,0,0,1,0,1,17
17,0,0,0,0,21,18,95,17,98.7586519075558,0.493050984176807,1.96033663582057,-0.94687077919571,0.00236265816143714,0.0268326222291216,1,30,0.0851377962180413,1,1,1,1,1,1,1,0,1,1,1,0,0,1,1,1,1,1,1,1,2,17
20,0,0,0,0,22,20,85,11,90.0112904096022,0.356760377297178,1.26093912799843,-7.03641237003943,0.00403443686547689,0.00498132559936494,1,34,0.0669898945232853,1,1,0,0,1,1,0,0,1,1,1,0,1,0,0,0,0,1,1,1,2,17
13,0,0,0,0,41,15,87,2,94.2232255171984,-0.309624546580017,1.66407183394767,-2.80564769656325,-0.000939879071665928,0.018789042623248,0,30,0.0755540296575055,0,0,0,0,0,0,0,0,0,0,0,0,0,0,0,0,1,1,0,0,2,17
18,0,0,0,0,6,9,97,12,101.382815097459,0.488272850518115,1.63173962128349,-1.94709973011669,0.00159206847310998,0.0299910663603805,1,27,0.0672300400724635,1,0,1,1,1,0,0,0,0,1,0,1,1,1,1,0,0,1,1,1,2,17
14,0,0,0,0,20,12,94,11,97.1690472587943,-0.453655227972195,1.35769505077042,-7.47874637471387,0.00874715173267759,0.0327103354013525,1,27,0.0455362974759191,1,0,1,1,1,0,0,0,0,0,1,1,1,1,1,0,0,1,1,0,2,17
26,0,0,0,0,19,0,112,5,103.133041318506,0.409685743669979,1.73947147093713,-9.94520362388426,-0.00465823845239356,0.0272854093904607,0,27,0.0748562404303812,0,1,0,0,1,0,0,1,0,0,0,1,1,0,0,0,0,0,0,0,2,17
11,0,0,0,0,26,25,100,11,101.253744964488,0.522164115286432,1.72090162802488,-0.248059799017545,0.0085436969762668,0.000263650643173605,1,29,0.0805781865073368,1,0,1,0,1,0,0,0,0,1,1,1,1,0,1,0,1,1,0,1,2,17
16,0,0,0,0,11,28,105,4,100.10914276354,-0.364822540129535,1.00747301476076,11.5983673668224,0.00509889699751511,-0.00746971786953509,0,28,0.0922756693488918,1,0,0,0,0,1,1,0,0,0,0,1,0,0,0,0,0,0,0,0,2,17
22,0,0,0,0,21,18,92,3,94.6966821234673,0.474870929145254,1.96570572815835,-0.00822996708595802,-0.00419680843828246,0.0162729284935631,0,38,0.090936362487264,0,0,0,0,0,0,0,0,0,1,0,1,0,1,0,0,0,0,0,0,2,17
12,0,0,0,0,14,41,96,4,104.30357335601,0.595729740452953,1.56147958920337,3.57796013347235,0.00220315452199429,0.00336126999231055,0,34,0.08129871198209,0,0,0,0,1,0,0,0,0,0,1,0,0,1,0,1,0,0,0,0,2,17
2,0,0,0,0,35,33,112,3,106.540154591203,0.360914403665811,1.28910970222205,-5.00713341090227,0.0053840811457485,-0.00930323356529698,0,32,0.0404789488762617,0,0,0,0,1,0,1,0,0,0,0,0,0,0,0,1,0,0,0,0,2,17
5,0,0,0,0,11,12,101,3,97.1283228462562,0.420505238324404,1.69144993694499,-0.915686486191255,-0.00334847497055307,-0.000602608595509082,0,41,0.0292868710542098,0,0,0,1,0,0,0,0,0,1,0,0,0,0,0,0,1,0,0,0,2,17
7,0,0,0,0,5,10,106,1,103.965192264877,-0.344477499788627,1.70423313300125,-10.5119256143227,-0.00040258378139697,0.0319746910221875,0,32,0.034525446081534,0,0,0,0,0,0,0,0,0,0,0,0,0,1,0,0,0,0,0,0,2,17
30,0,0,0,0,23,14,120,7,121.240078504197,0.54628212202806,1.42948399437591,-11.9089783435015,0.00113571862573735,0.0093306153989397,1,33,0.0428702315245755,0,1,0,0,0,0,0,1,0,0,0,0,1,1,1,0,0,1,1,0,2,17
6,0,0,0,0,39,9,125,5,122.804240374826,-0.32533461113926,1.03653303044848,-1.81313348464797,-0.000415165657177568,0.0194750041444786,0,37,0.0190645014774054,1,1,1,0,0,1,0,0,0,1,0,0,0,0,0,0,0,0,0,0,2,17
21,0,0,0,0,7,27,113,2,109.699697261676,-0.36556504459586,1.68565211840905,-3.27000236146708,-0.0043828008021228,0.0261445004935376,0,37,0.0742812000471167,0,0,0,0,0,0,0,0,0,0,0,0,0,0,1,1,0,0,0,0,2,17
24,0,0,0,0,30,43,115,10,109.607943333685,-0.468007540726103,1.03239361871965,1.52013153010279,-0.00466593650402501,0.00607242040336132,1,45,0.0423389647714794,0,1,0,1,1,0,1,1,0,0,1,1,0,1,0,1,0,1,0,0,2,17
3,0,0,0,0,37,0,124,4,123.271450591274,0.363748050900176,1.44188998802565,-10.436058739944,-0.00277215646230616,0.0232264494965784,0,42,0.0865697060525417,0,0,1,1,0,0,0,0,0,1,1,0,0,0,0,0,0,0,0,0,2,17
9,0,0,0,0,17,36,132,20,132.752346354537,0.558353286492638,1.07452223659493,7.33542102496834,-0.00116955306031741,0.0305701359501109,1,33,0.0162992095714435,1,1,1,1,1,1,1,1,1,1,1,1,1,1,1,1,1,1,1,1,2,17
19,0,0,0,0,3,36,129,10,124.529671180062,-0.39998547763098,1.19829043513164,-2.83589572333992,0.00866261039744131,-0.00671925356378779,1,40,0.0277861420018598,1,0,1,0,1,0,1,0,1,1,0,1,1,0,0,1,0,0,0,1,2,17
23,0,0,0,0,35,25,132,2,126.250330517069,-0.503426827909425,1.03700199816376,-13.3460533649703,-0.00216620558639988,0.0083484970475547,0,34,0.0968048917688429,0,0,0,0,0,0,0,0,0,0,0,1,0,1,0,0,0,0,0,0,2,17
10,0,0,0,0,8,19,129,19,128.934216080233,-0.55100453956984,1.00044957455248,-3.6063645009817,0.00901457453379408,0.0391251234896481,1,32,0.0416760022891685,1,1,1,1,1,1,0,1,1,1,1,1,1,1,1,1,1,1,1,1,2,17
25,0,0,0,0,29,33,149,11,137.427154406905,-0.538533857557923,1.44975839206018,7.24406164077179,0.00516530085820705,0.0266534655098803,1,29,0.0706063228053972,1,0,1,1,1,0,0,0,1,0,1,0,0,0,1,0,1,1,1,1,2,17
29,0,0,0,0,40,3,127,2,120.362701839767,-0.43115919646807,1.60039688413963,10.9450088673611,0.000255208886228502,0.0219021580275148,0,34,0.065300060599111,0,0,0,0,0,0,0,1,0,0,0,0,0,0,0,1,0,0,0,0,2,17
15,0,0,0,0,18,-1,125,2,127.087167995051,-0.469512657914311,1.66008409438655,-1.37236949354549,-0.0037893380119931,0.00368715260177851,0,37,0.0117919085524045,1,0,0,0,0,0,0,1,0,0,0,0,0,0,0,0,0,0,0,0,2,17
27,0,0,0,0,41,12,132,3,138.603065572679,0.309271140745841,1.9352707255166,-4.73246069928134,-0.00174757022410631,0.0218573281285353,0,39,0.0254157241736539,0,0,0,0,0,1,0,1,0,0,0,0,0,0,1,0,0,0,0,0,2,17
1,0,0,0,0,29,27,139,18,141.41247424297,-0.404168542264961,1.21378600783646,1.63794433821138,0.000768737813923508,0.012841709968634,1,41,0.068727998402901,1,1,1,1,1,1,1,1,0,1,1,1,1,1,1,1,1,0,1,1,2,17
8,0,0,0,0,30,14,130,2,126.13606704399,0.41108438456431,1.05874260235578,-1.17932940281844,0.000331835385877639,0.0314579899865203,0,34,0.0638637645565905,0,1,0,0,0,0,0,0,0,0,0,0,0,0,0,0,0,0,0,1,2,17
4,0,0,0,0,27,0,143,6,142.616628594697,-0.568109256145544,1.71234036795795,-8.86047316369593,0.00446006854297593,-0.00782024117885157,1,39,0.0349792427383363,0,0,0,0,0,0,0,1,0,1,0,1,0,1,1,0,0,0,1,0,2,17
26,0,0,0,0,28,12,106,5,103.133041318506,0.409685743669979,1.73947147093713,-9.94520362388426,-0.00465823845239356,0.0272854093904607,0,27,0.0748562404303812,0,1,0,0,1,0,0,1,0,0,0,1,1,0,0,0,0,0,0,0,3,17
17,0,0,0,0,19,20,99,17,98.7586519075558,0.493050984176807,1.96033663582057,-0.94687077919571,0.00236265816143714,0.0268326222291216,1,30,0.0851377962180413,1,1,1,1,1,1,1,0,1,1,1,0,0,1,1,1,1,1,1,1,3,17
18,0,0,0,0,14,32,97,12,101.382815097459,0.488272850518115,1.63173962128349,-1.94709973011669,0.00159206847310998,0.0299910663603805,1,27,0.0672300400724635,1,0,1,1,1,0,0,0,0,1,0,1,1,1,1,0,0,1,1,1,3,17
20,0,0,0,0,34,14,96,11,90.0112904096022,0.356760377297178,1.26093912799843,-7.03641237003943,0.00403443686547689,0.00498132559936494,1,34,0.0669898945232853,1,1,0,0,1,1,0,0,1,1,1,0,1,0,0,0,0,1,1,1,3,17
11,0,0,0,0,34,8,106,11,101.253744964488,0.522164115286432,1.72090162802488,-0.248059799017545,0.0085436969762668,0.000263650643173605,1,29,0.0805781865073368,1,0,1,0,1,0,0,0,0,1,1,1,1,0,1,0,1,1,0,1,3,17
14,0,0,0,0,29,9,106,11,97.1690472587943,-0.453655227972195,1.35769505077042,-7.47874637471387,0.00874715173267759,0.0327103354013525,1,27,0.0455362974759191,1,0,1,1,1,0,0,0,0,0,1,1,1,1,1,0,0,1,1,0,3,17
13,0,0,0,0,38,29,99,2,94.2232255171984,-0.309624546580017,1.66407183394767,-2.80564769656325,-0.000939879071665928,0.018789042623248,0,30,0.0755540296575055,0,0,0,0,0,0,0,0,0,0,0,0,0,0,0,0,1,1,0,0,3,17
16,0,0,0,0,36,30,100,4,100.10914276354,-0.364822540129535,1.00747301476076,11.5983673668224,0.00509889699751511,-0.00746971786953509,0,28,0.0922756693488918,1,0,0,0,0,1,1,0,0,0,0,1,0,0,0,0,0,0,0,0,3,17
2,0,0,0,0,23,13,100,3,106.540154591203,0.360914403665811,1.28910970222205,-5.00713341090227,0.0053840811457485,-0.00930323356529698,0,32,0.0404789488762617,0,0,0,0,1,0,1,0,0,0,0,0,0,0,0,1,0,0,0,0,3,17
12,0,0,0,0,15,9,98,4,104.30357335601,0.595729740452953,1.56147958920337,3.57796013347235,0.00220315452199429,0.00336126999231055,0,34,0.08129871198209,0,0,0,0,1,0,0,0,0,0,1,0,0,1,0,1,0,0,0,0,3,17
5,0,0,0,0,21,4,83,3,97.1283228462562,0.420505238324404,1.69144993694499,-0.915686486191255,-0.00334847497055307,-0.000602608595509082,0,41,0.0292868710542098,0,0,0,1,0,0,0,0,0,1,0,0,0,0,0,0,1,0,0,0,3,17
30,0,0,0,0,34,14,121,7,121.240078504197,0.54628212202806,1.42948399437591,-11.9089783435015,0.00113571862573735,0.0093306153989397,1,33,0.0428702315245755,0,1,0,0,0,0,0,1,0,0,0,0,1,1,1,0,0,1,1,0,3,17
21,0,0,0,0,17,22,112,2,109.699697261676,-0.36556504459586,1.68565211840905,-3.27000236146708,-0.0043828008021228,0.0261445004935376,0,37,0.0742812000471167,0,0,0,0,0,0,0,0,0,0,0,0,0,0,1,1,0,0,0,0,3,17
24,0,0,0,0,11,3,109,10,109.607943333685,-0.468007540726103,1.03239361871965,1.52013153010279,-0.00466593650402501,0.00607242040336132,1,45,0.0423389647714794,0,1,0,1,1,0,1,1,0,0,1,1,0,1,0,1,0,1,0,0,3,17
6,0,0,0,0,17,1,131,5,122.804240374826,-0.32533461113926,1.03653303044848,-1.81313348464797,-0.000415165657177568,0.0194750041444786,0,37,0.0190645014774054,1,1,1,0,0,1,0,0,0,1,0,0,0,0,0,0,0,0,0,0,3,17
10,0,0,0,0,4,29,123,19,128.934216080233,-0.55100453956984,1.00044957455248,-3.6063645009817,0.00901457453379408,0.0391251234896481,1,32,0.0416760022891685,1,1,1,1,1,1,0,1,1,1,1,1,1,1,1,1,1,1,1,1,3,17
9,0,0,0,0,23,32,134,20,132.752346354537,0.558353286492638,1.07452223659493,7.33542102496834,-0.00116955306031741,0.0305701359501109,1,33,0.0162992095714435,1,1,1,1,1,1,1,1,1,1,1,1,1,1,1,1,1,1,1,1,3,17
19,0,0,0,0,29,4,121,10,124.529671180062,-0.39998547763098,1.19829043513164,-2.83589572333992,0.00866261039744131,-0.00671925356378779,1,40,0.0277861420018598,1,0,1,0,1,0,1,0,1,1,0,1,1,0,0,1,0,0,0,1,3,17
25,0,0,0,0,43,15,140,11,137.427154406905,-0.538533857557923,1.44975839206018,7.24406164077179,0.00516530085820705,0.0266534655098803,1,29,0.0706063228053972,1,0,1,1,1,0,0,0,1,0,1,0,0,0,1,0,1,1,1,1,3,17
3,0,0,0,0,25,25,123,4,123.271450591274,0.363748050900176,1.44188998802565,-10.436058739944,-0.00277215646230616,0.0232264494965784,0,42,0.0865697060525417,0,0,1,1,0,0,0,0,0,1,1,0,0,0,0,0,0,0,0,0,3,17
29,0,0,0,0,9,32,126,2,120.362701839767,-0.43115919646807,1.60039688413963,10.9450088673611,0.000255208886228502,0.0219021580275148,0,34,0.065300060599111,0,0,0,0,0,0,0,1,0,0,0,0,0,0,0,1,0,0,0,0,3,17
23,0,0,0,0,39,19,125,2,126.250330517069,-0.503426827909425,1.03700199816376,-13.3460533649703,-0.00216620558639988,0.0083484970475547,0,34,0.0968048917688429,0,0,0,0,0,0,0,0,0,0,0,1,0,1,0,0,0,0,0,0,3,17
1,0,0,0,0,11,11,142,18,141.41247424297,-0.404168542264961,1.21378600783646,1.63794433821138,0.000768737813923508,0.012841709968634,1,41,0.068727998402901,1,1,1,1,1,1,1,1,0,1,1,1,1,1,1,1,1,0,1,1,3,17
27,0,0,0,0,16,7,147,3,138.603065572679,0.309271140745841,1.9352707255166,-4.73246069928134,-0.00174757022410631,0.0218573281285353,0,39,0.0254157241736539,0,0,0,0,0,1,0,1,0,0,0,0,0,0,1,0,0,0,0,0,3,17
4,0,0,0,0,42,29,140,6,142.616628594697,-0.568109256145544,1.71234036795795,-8.86047316369593,0.00446006854297593,-0.00782024117885157,1,39,0.0349792427383363,0,0,0,0,0,0,0,1,0,1,0,1,0,1,1,0,0,0,1,0,3,17
18,0,0,0,0,34,29,104,12,101.382815097459,0.488272850518115,1.63173962128349,-1.94709973011669,0.00159206847310998,0.0299910663603805,1,27,0.0672300400724635,1,0,1,1,1,0,0,0,0,1,0,1,1,1,1,0,0,1,1,1,4,17
17,0,0,0,0,16,28,97,17,98.7586519075558,0.493050984176807,1.96033663582057,-0.94687077919571,0.00236265816143714,0.0268326222291216,1,30,0.0851377962180413,1,1,1,1,1,1,1,0,1,1,1,0,0,1,1,1,1,1,1,1,4,17
20,0,0,0,0,8,6,94,11,90.0112904096022,0.356760377297178,1.26093912799843,-7.03641237003943,0.00403443686547689,0.00498132559936494,1,34,0.0669898945232853,1,1,0,0,1,1,0,0,1,1,1,0,1,0,0,0,0,1,1,1,4,17
14,0,0,0,0,37,33,92,11,97.1690472587943,-0.453655227972195,1.35769505077042,-7.47874637471387,0.00874715173267759,0.0327103354013525,1,27,0.0455362974759191,1,0,1,1,1,0,0,0,0,0,1,1,1,1,1,0,0,1,1,0,4,17
11,0,0,0,0,14,11,96,11,101.253744964488,0.522164115286432,1.72090162802488,-0.248059799017545,0.0085436969762668,0.000263650643173605,1,29,0.0805781865073368,1,0,1,0,1,0,0,0,0,1,1,1,1,0,1,0,1,1,0,1,4,17
13,0,0,0,0,37,5,90,2,94.2232255171984,-0.309624546580017,1.66407183394767,-2.80564769656325,-0.000939879071665928,0.018789042623248,0,30,0.0755540296575055,0,0,0,0,0,0,0,0,0,0,0,0,0,0,0,0,1,1,0,0,4,17
26,0,0,0,0,16,14,102,5,103.133041318506,0.409685743669979,1.73947147093713,-9.94520362388426,-0.00465823845239356,0.0272854093904607,0,27,0.0748562404303812,0,1,0,0,1,0,0,1,0,0,0,1,1,0,0,0,0,0,0,0,4,17
2,0,0,0,0,12,3,103,3,106.540154591203,0.360914403665811,1.28910970222205,-5.00713341090227,0.0053840811457485,-0.00930323356529698,0,32,0.0404789488762617,0,0,0,0,1,0,1,0,0,0,0,0,0,0,0,1,0,0,0,0,4,17
16,0,0,0,0,41,36,98,4,100.10914276354,-0.364822540129535,1.00747301476076,11.5983673668224,0.00509889699751511,-0.00746971786953509,0,28,0.0922756693488918,1,0,0,0,0,1,1,0,0,0,0,1,0,0,0,0,0,0,0,0,4,17
12,0,0,0,0,29,28,100,4,104.30357335601,0.595729740452953,1.56147958920337,3.57796013347235,0.00220315452199429,0.00336126999231055,0,34,0.08129871198209,0,0,0,0,1,0,0,0,0,0,1,0,0,1,0,1,0,0,0,0,4,17
5,0,0,0,0,19,38,99,3,97.1283228462562,0.420505238324404,1.69144993694499,-0.915686486191255,-0.00334847497055307,-0.000602608595509082,0,41,0.0292868710542098,0,0,0,1,0,0,0,0,0,1,0,0,0,0,0,0,1,0,0,0,4,17
24,0,0,0,0,39,-2,106,10,109.607943333685,-0.468007540726103,1.03239361871965,1.52013153010279,-0.00466593650402501,0.00607242040336132,1,45,0.0423389647714794,0,1,0,1,1,0,1,1,0,0,1,1,0,1,0,1,0,1,0,0,4,17
30,0,0,0,0,34,37,120,7,121.240078504197,0.54628212202806,1.42948399437591,-11.9089783435015,0.00113571862573735,0.0093306153989397,1,33,0.0428702315245755,0,1,0,0,0,0,0,1,0,0,0,0,1,1,1,0,0,1,1,0,4,17
10,0,0,0,0,7,39,129,19,128.934216080233,-0.55100453956984,1.00044957455248,-3.6063645009817,0.00901457453379408,0.0391251234896481,1,32,0.0416760022891685,1,1,1,1,1,1,0,1,1,1,1,1,1,1,1,1,1,1,1,1,4,17
19,0,0,0,0,18,24,120,10,124.529671180062,-0.39998547763098,1.19829043513164,-2.83589572333992,0.00866261039744131,-0.00671925356378779,1,40,0.0277861420018598,1,0,1,0,1,0,1,0,1,1,0,1,1,0,0,1,0,0,0,1,4,17
25,0,0,0,0,38,33,149,11,137.427154406905,-0.538533857557923,1.44975839206018,7.24406164077179,0.00516530085820705,0.0266534655098803,1,29,0.0706063228053972,1,0,1,1,1,0,0,0,1,0,1,0,0,0,1,0,1,1,1,1,4,17
21,0,0,0,0,13,39,112,2,109.699697261676,-0.36556504459586,1.68565211840905,-3.27000236146708,-0.0043828008021228,0.0261445004935376,0,37,0.0742812000471167,0,0,0,0,0,0,0,0,0,0,0,0,0,0,1,1,0,0,0,0,4,17
6,0,0,0,0,40,11,121,5,122.804240374826,-0.32533461113926,1.03653303044848,-1.81313348464797,-0.000415165657177568,0.0194750041444786,0,37,0.0190645014774054,1,1,1,0,0,1,0,0,0,1,0,0,0,0,0,0,0,0,0,0,4,17
9,0,0,0,0,20,27,135,20,132.752346354537,0.558353286492638,1.07452223659493,7.33542102496834,-0.00116955306031741,0.0305701359501109,1,33,0.0162992095714435,1,1,1,1,1,1,1,1,1,1,1,1,1,1,1,1,1,1,1,1,4,17
3,0,0,0,0,31,13,122,4,123.271450591274,0.363748050900176,1.44188998802565,-10.436058739944,-0.00277215646230616,0.0232264494965784,0,42,0.0865697060525417,0,0,1,1,0,0,0,0,0,1,1,0,0,0,0,0,0,0,0,0,4,17
1,0,0,0,0,41,6,145,18,141.41247424297,-0.404168542264961,1.21378600783646,1.63794433821138,0.000768737813923508,0.012841709968634,1,41,0.068727998402901,1,1,1,1,1,1,1,1,0,1,1,1,1,1,1,1,1,0,1,1,4,17
27,0,0,0,0,24,27,143,3,138.603065572679,0.309271140745841,1.9352707255166,-4.73246069928134,-0.00174757022410631,0.0218573281285353,0,39,0.0254157241736539,0,0,0,0,0,1,0,1,0,0,0,0,0,0,1,0,0,0,0,0,4,17
4,0,0,0,0,15,27,140,6,142.616628594697,-0.568109256145544,1.71234036795795,-8.86047316369593,0.00446006854297593,-0.00782024117885157,1,39,0.0349792427383363,0,0,0,0,0,0,0,1,0,1,0,1,0,1,1,0,0,0,1,0,4,17
17,0,0,0,0,35,7,97,17,98.7586519075558,0.493050984176807,1.96033663582057,-0.94687077919571,0.00236265816143714,0.0268326222291216,1,30,0.0851377962180413,1,1,1,1,1,1,1,0,1,1,1,0,0,1,1,1,1,1,1,1,5,17
20,0,0,0,0,38,41,92,11,90.0112904096022,0.356760377297178,1.26093912799843,-7.03641237003943,0.00403443686547689,0.00498132559936494,1,34,0.0669898945232853,1,1,0,0,1,1,0,0,1,1,1,0,1,0,0,0,0,1,1,1,5,17
18,0,0,0,0,1,22,103,12,101.382815097459,0.488272850518115,1.63173962128349,-1.94709973011669,0.00159206847310998,0.0299910663603805,1,27,0.0672300400724635,1,0,1,1,1,0,0,0,0,1,0,1,1,1,1,0,0,1,1,1,5,17
14,0,0,0,0,12,7,100,11,97.1690472587943,-0.453655227972195,1.35769505077042,-7.47874637471387,0.00874715173267759,0.0327103354013525,1,27,0.0455362974759191,1,0,1,1,1,0,0,0,0,0,1,1,1,1,1,0,0,1,1,0,5,17
11,0,0,0,0,37,21,104,11,101.253744964488,0.522164115286432,1.72090162802488,-0.248059799017545,0.0085436969762668,0.000263650643173605,1,29,0.0805781865073368,1,0,1,0,1,0,0,0,0,1,1,1,1,0,1,0,1,1,0,1,5,17
26,0,0,0,0,9,34,99,5,103.133041318506,0.409685743669979,1.73947147093713,-9.94520362388426,-0.00465823845239356,0.0272854093904607,0,27,0.0748562404303812,0,1,0,0,1,0,0,1,0,0,0,1,1,0,0,0,0,0,0,0,5,17
13,0,0,0,0,6,1,102,2,94.2232255171984,-0.309624546580017,1.66407183394767,-2.80564769656325,-0.000939879071665928,0.018789042623248,0,30,0.0755540296575055,0,0,0,0,0,0,0,0,0,0,0,0,0,0,0,0,1,1,0,0,5,17
5,0,0,0,0,10,22,80,3,97.1283228462562,0.420505238324404,1.69144993694499,-0.915686486191255,-0.00334847497055307,-0.000602608595509082,0,41,0.0292868710542098,0,0,0,1,0,0,0,0,0,1,0,0,0,0,0,0,1,0,0,0,5,17
12,0,0,0,0,36,19,100,4,104.30357335601,0.595729740452953,1.56147958920337,3.57796013347235,0.00220315452199429,0.00336126999231055,0,34,0.08129871198209,0,0,0,0,1,0,0,0,0,0,1,0,0,1,0,1,0,0,0,0,5,17
2,0,0,0,0,7,2,108,3,106.540154591203,0.360914403665811,1.28910970222205,-5.00713341090227,0.0053840811457485,-0.00930323356529698,0,32,0.0404789488762617,0,0,0,0,1,0,1,0,0,0,0,0,0,0,0,1,0,0,0,0,5,17
24,0,0,0,0,33,9,115,10,109.607943333685,-0.468007540726103,1.03239361871965,1.52013153010279,-0.00466593650402501,0.00607242040336132,1,45,0.0423389647714794,0,1,0,1,1,0,1,1,0,0,1,1,0,1,0,1,0,1,0,0,5,17
30,0,0,0,0,33,16,117,7,121.240078504197,0.54628212202806,1.42948399437591,-11.9089783435015,0.00113571862573735,0.0093306153989397,1,33,0.0428702315245755,0,1,0,0,0,0,0,1,0,0,0,0,1,1,1,0,0,1,1,0,5,17
10,0,0,0,0,41,6,126,19,128.934216080233,-0.55100453956984,1.00044957455248,-3.6063645009817,0.00901457453379408,0.0391251234896481,1,32,0.0416760022891685,1,1,1,1,1,1,0,1,1,1,1,1,1,1,1,1,1,1,1,1,5,17
9,0,0,0,0,8,7,128,20,132.752346354537,0.558353286492638,1.07452223659493,7.33542102496834,-0.00116955306031741,0.0305701359501109,1,33,0.0162992095714435,1,1,1,1,1,1,1,1,1,1,1,1,1,1,1,1,1,1,1,1,5,17
25,0,0,0,0,20,16,131,11,137.427154406905,-0.538533857557923,1.44975839206018,7.24406164077179,0.00516530085820705,0.0266534655098803,1,29,0.0706063228053972,1,0,1,1,1,0,0,0,1,0,1,0,0,0,1,0,1,1,1,1,5,17
19,0,0,0,0,16,9,120,10,124.529671180062,-0.39998547763098,1.19829043513164,-2.83589572333992,0.00866261039744131,-0.00671925356378779,1,40,0.0277861420018598,1,0,1,0,1,0,1,0,1,1,0,1,1,0,0,1,0,0,0,1,5,17
6,0,0,0,0,37,28,126,5,122.804240374826,-0.32533461113926,1.03653303044848,-1.81313348464797,-0.000415165657177568,0.0194750041444786,0,37,0.0190645014774054,1,1,1,0,0,1,0,0,0,1,0,0,0,0,0,0,0,0,0,0,5,17
1,0,0,0,0,9,28,149,18,141.41247424297,-0.404168542264961,1.21378600783646,1.63794433821138,0.000768737813923508,0.012841709968634,1,41,0.068727998402901,1,1,1,1,1,1,1,1,0,1,1,1,1,1,1,1,1,0,1,1,5,17
4,0,0,0,0,17,30,136,6,142.616628594697,-0.568109256145544,1.71234036795795,-8.86047316369593,0.00446006854297593,-0.00782024117885157,1,39,0.0349792427383363,0,0,0,0,0,0,0,1,0,1,0,1,0,1,1,0,0,0,1,0,5,17
17,0,0,0,0,7,32,103,17,98.7586519075558,0.493050984176807,1.96033663582057,-0.94687077919571,0.00236265816143714,0.0268326222291216,1,30,0.0851377962180413,1,1,1,1,1,1,1,0,1,1,1,0,0,1,1,1,1,1,1,1,6,17
18,0,0,0,0,23,28,90,12,101.382815097459,0.488272850518115,1.63173962128349,-1.94709973011669,0.00159206847310998,0.0299910663603805,1,27,0.0672300400724635,1,0,1,1,1,0,0,0,0,1,0,1,1,1,1,0,0,1,1,1,6,17
20,0,0,0,0,1,-1,83,11,90.0112904096022,0.356760377297178,1.26093912799843,-7.03641237003943,0.00403443686547689,0.00498132559936494,1,34,0.0669898945232853,1,1,0,0,1,1,0,0,1,1,1,0,1,0,0,0,0,1,1,1,6,17
11,0,0,0,0,21,43,97,11,101.253744964488,0.522164115286432,1.72090162802488,-0.248059799017545,0.0085436969762668,0.000263650643173605,1,29,0.0805781865073368,1,0,1,0,1,0,0,0,0,1,1,1,1,0,1,0,1,1,0,1,6,17
14,0,0,0,0,13,16,97,11,97.1690472587943,-0.453655227972195,1.35769505077042,-7.47874637471387,0.00874715173267759,0.0327103354013525,1,27,0.0455362974759191,1,0,1,1,1,0,0,0,0,0,1,1,1,1,1,0,0,1,1,0,6,17
12,0,0,0,0,40,32,110,4,104.30357335601,0.595729740452953,1.56147958920337,3.57796013347235,0.00220315452199429,0.00336126999231055,0,34,0.08129871198209,0,0,0,0,1,0,0,0,0,0,1,0,0,1,0,1,0,0,0,0,6,17
24,0,0,0,0,31,10,113,10,109.607943333685,-0.468007540726103,1.03239361871965,1.52013153010279,-0.00466593650402501,0.00607242040336132,1,45,0.0423389647714794,0,1,0,1,1,0,1,1,0,0,1,1,0,1,0,1,0,1,0,0,6,17
30,0,0,0,0,20,24,126,7,121.240078504197,0.54628212202806,1.42948399437591,-11.9089783435015,0.00113571862573735,0.0093306153989397,1,33,0.0428702315245755,0,1,0,0,0,0,0,1,0,0,0,0,1,1,1,0,0,1,1,0,6,17
10,0,0,0,0,24,8,127,19,128.934216080233,-0.55100453956984,1.00044957455248,-3.6063645009817,0.00901457453379408,0.0391251234896481,1,32,0.0416760022891685,1,1,1,1,1,1,0,1,1,1,1,1,1,1,1,1,1,1,1,1,6,17
25,0,0,0,0,22,33,137,11,137.427154406905,-0.538533857557923,1.44975839206018,7.24406164077179,0.00516530085820705,0.0266534655098803,1,29,0.0706063228053972,1,0,1,1,1,0,0,0,1,0,1,0,0,0,1,0,1,1,1,1,6,17
9,0,0,0,0,34,5,129,20,132.752346354537,0.558353286492638,1.07452223659493,7.33542102496834,-0.00116955306031741,0.0305701359501109,1,33,0.0162992095714435,1,1,1,1,1,1,1,1,1,1,1,1,1,1,1,1,1,1,1,1,6,17
19,0,0,0,0,16,9,122,10,124.529671180062,-0.39998547763098,1.19829043513164,-2.83589572333992,0.00866261039744131,-0.00671925356378779,1,40,0.0277861420018598,1,0,1,0,1,0,1,0,1,1,0,1,1,0,0,1,0,0,0,1,6,17
1,0,0,0,0,24,24,138,18,141.41247424297,-0.404168542264961,1.21378600783646,1.63794433821138,0.000768737813923508,0.012841709968634,1,41,0.068727998402901,1,1,1,1,1,1,1,1,0,1,1,1,1,1,1,1,1,0,1,1,6,17
4,0,0,0,0,23,26,146,6,142.616628594697,-0.568109256145544,1.71234036795795,-8.86047316369593,0.00446006854297593,-0.00782024117885157,1,39,0.0349792427383363,0,0,0,0,0,0,0,1,0,1,0,1,0,1,1,0,0,0,1,0,6,17
17,0,0,0,0,23,14,87,17,98.7586519075558,0.493050984176807,1.96033663582057,-0.94687077919571,0.00236265816143714,0.0268326222291216,1,30,0.0851377962180413,1,1,1,1,1,1,1,0,1,1,1,0,0,1,1,1,1,1,1,1,7,17
20,0,0,0,0,5,4,89,11,90.0112904096022,0.356760377297178,1.26093912799843,-7.03641237003943,0.00403443686547689,0.00498132559936494,1,34,0.0669898945232853,1,1,0,0,1,1,0,0,1,1,1,0,1,0,0,0,0,1,1,1,7,17
18,0,0,0,0,32,23,100,12,101.382815097459,0.488272850518115,1.63173962128349,-1.94709973011669,0.00159206847310998,0.0299910663603805,1,27,0.0672300400724635,1,0,1,1,1,0,0,0,0,1,0,1,1,1,1,0,0,1,1,1,7,17
11,0,0,0,0,38,16,101,11,101.253744964488,0.522164115286432,1.72090162802488,-0.248059799017545,0.0085436969762668,0.000263650643173605,1,29,0.0805781865073368,1,0,1,0,1,0,0,0,0,1,1,1,1,0,1,0,1,1,0,1,7,17
14,0,0,0,0,16,3,98,11,97.1690472587943,-0.453655227972195,1.35769505077042,-7.47874637471387,0.00874715173267759,0.0327103354013525,1,27,0.0455362974759191,1,0,1,1,1,0,0,0,0,0,1,1,1,1,1,0,0,1,1,0,7,17
12,0,0,0,0,37,26,102,4,104.30357335601,0.595729740452953,1.56147958920337,3.57796013347235,0.00220315452199429,0.00336126999231055,0,34,0.08129871198209,0,0,0,0,1,0,0,0,0,0,1,0,0,1,0,1,0,0,0,0,7,17
30,0,0,0,0,5,7,120,7,121.240078504197,0.54628212202806,1.42948399437591,-11.9089783435015,0.00113571862573735,0.0093306153989397,1,33,0.0428702315245755,0,1,0,0,0,0,0,1,0,0,0,0,1,1,1,0,0,1,1,0,7,17
10,0,0,0,0,24,32,131,19,128.934216080233,-0.55100453956984,1.00044957455248,-3.6063645009817,0.00901457453379408,0.0391251234896481,1,32,0.0416760022891685,1,1,1,1,1,1,0,1,1,1,1,1,1,1,1,1,1,1,1,1,7,17
24,0,0,0,0,19,-2,112,10,109.607943333685,-0.468007540726103,1.03239361871965,1.52013153010279,-0.00466593650402501,0.00607242040336132,1,45,0.0423389647714794,0,1,0,1,1,0,1,1,0,0,1,1,0,1,0,1,0,1,0,0,7,17
9,0,0,0,0,10,15,135,20,132.752346354537,0.558353286492638,1.07452223659493,7.33542102496834,-0.00116955306031741,0.0305701359501109,1,33,0.0162992095714435,1,1,1,1,1,1,1,1,1,1,1,1,1,1,1,1,1,1,1,1,7,17
25,0,0,0,0,29,6,139,11,137.427154406905,-0.538533857557923,1.44975839206018,7.24406164077179,0.00516530085820705,0.0266534655098803,1,29,0.0706063228053972,1,0,1,1,1,0,0,0,1,0,1,0,0,0,1,0,1,1,1,1,7,17
1,0,0,0,0,33,9,141,18,141.41247424297,-0.404168542264961,1.21378600783646,1.63794433821138,0.000768737813923508,0.012841709968634,1,41,0.068727998402901,1,1,1,1,1,1,1,1,0,1,1,1,1,1,1,1,1,0,1,1,7,17
19,0,0,0,0,29,19,128,10,124.529671180062,-0.39998547763098,1.19829043513164,-2.83589572333992,0.00866261039744131,-0.00671925356378779,1,40,0.0277861420018598,1,0,1,0,1,0,1,0,1,1,0,1,1,0,0,1,0,0,0,1,7,17
4,0,0,0,0,24,0,145,6,142.616628594697,-0.568109256145544,1.71234036795795,-8.86047316369593,0.00446006854297593,-0.00782024117885157,1,39,0.0349792427383363,0,0,0,0,0,0,0,1,0,1,0,1,0,1,1,0,0,0,1,0,7,17
17,0,0,0,0,4,39,96,17,98.7586519075558,0.493050984176807,1.96033663582057,-0.94687077919571,0.00236265816143714,0.0268326222291216,1,30,0.0851377962180413,1,1,1,1,1,1,1,0,1,1,1,0,0,1,1,1,1,1,1,1,8,17
20,0,0,0,0,23,36,78,11,90.0112904096022,0.356760377297178,1.26093912799843,-7.03641237003943,0.00403443686547689,0.00498132559936494,1,34,0.0669898945232853,1,1,0,0,1,1,0,0,1,1,1,0,1,0,0,0,0,1,1,1,8,17
11,0,0,0,0,23,16,101,11,101.253744964488,0.522164115286432,1.72090162802488,-0.248059799017545,0.0085436969762668,0.000263650643173605,1,29,0.0805781865073368,1,0,1,0,1,0,0,0,0,1,1,1,1,0,1,0,1,1,0,1,8,17
18,0,0,0,0,33,18,93,12,101.382815097459,0.488272850518115,1.63173962128349,-1.94709973011669,0.00159206847310998,0.0299910663603805,1,27,0.0672300400724635,1,0,1,1,1,0,0,0,0,1,0,1,1,1,1,0,0,1,1,1,8,17
14,0,0,0,0,42,17,98,11,97.1690472587943,-0.453655227972195,1.35769505077042,-7.47874637471387,0.00874715173267759,0.0327103354013525,1,27,0.0455362974759191,1,0,1,1,1,0,0,0,0,0,1,1,1,1,1,0,0,1,1,0,8,17
12,0,0,0,0,10,23,106,4,104.30357335601,0.595729740452953,1.56147958920337,3.57796013347235,0.00220315452199429,0.00336126999231055,0,34,0.08129871198209,0,0,0,0,1,0,0,0,0,0,1,0,0,1,0,1,0,0,0,0,8,17
10,0,0,0,0,28,16,129,19,128.934216080233,-0.55100453956984,1.00044957455248,-3.6063645009817,0.00901457453379408,0.0391251234896481,1,32,0.0416760022891685,1,1,1,1,1,1,0,1,1,1,1,1,1,1,1,1,1,1,1,1,8,17
24,0,0,0,0,16,28,112,10,109.607943333685,-0.468007540726103,1.03239361871965,1.52013153010279,-0.00466593650402501,0.00607242040336132,1,45,0.0423389647714794,0,1,0,1,1,0,1,1,0,0,1,1,0,1,0,1,0,1,0,0,8,17
30,0,0,0,0,29,5,117,7,121.240078504197,0.54628212202806,1.42948399437591,-11.9089783435015,0.00113571862573735,0.0093306153989397,1,33,0.0428702315245755,0,1,0,0,0,0,0,1,0,0,0,0,1,1,1,0,0,1,1,0,8,17
9,0,0,0,0,27,24,134,20,132.752346354537,0.558353286492638,1.07452223659493,7.33542102496834,-0.00116955306031741,0.0305701359501109,1,33,0.0162992095714435,1,1,1,1,1,1,1,1,1,1,1,1,1,1,1,1,1,1,1,1,8,17
25,0,0,0,0,19,17,145,11,137.427154406905,-0.538533857557923,1.44975839206018,7.24406164077179,0.00516530085820705,0.0266534655098803,1,29,0.0706063228053972,1,0,1,1,1,0,0,0,1,0,1,0,0,0,1,0,1,1,1,1,8,17
1,0,0,0,0,7,28,152,18,141.41247424297,-0.404168542264961,1.21378600783646,1.63794433821138,0.000768737813923508,0.012841709968634,1,41,0.068727998402901,1,1,1,1,1,1,1,1,0,1,1,1,1,1,1,1,1,0,1,1,8,17
17,0,0,0,0,37,7,100,17,98.7586519075558,0.493050984176807,1.96033663582057,-0.94687077919571,0.00236265816143714,0.0268326222291216,1,30,0.0851377962180413,1,1,1,1,1,1,1,0,1,1,1,0,0,1,1,1,1,1,1,1,9,17
18,0,0,0,0,23,31,105,12,101.382815097459,0.488272850518115,1.63173962128349,-1.94709973011669,0.00159206847310998,0.0299910663603805,1,27,0.0672300400724635,1,0,1,1,1,0,0,0,0,1,0,1,1,1,1,0,0,1,1,1,9,17
14,0,0,0,0,21,7,94,11,97.1690472587943,-0.453655227972195,1.35769505077042,-7.47874637471387,0.00874715173267759,0.0327103354013525,1,27,0.0455362974759191,1,0,1,1,1,0,0,0,0,0,1,1,1,1,1,0,0,1,1,0,9,17
20,0,0,0,0,32,14,94,11,90.0112904096022,0.356760377297178,1.26093912799843,-7.03641237003943,0.00403443686547689,0.00498132559936494,1,34,0.0669898945232853,1,1,0,0,1,1,0,0,1,1,1,0,1,0,0,0,0,1,1,1,9,17
11,0,0,0,0,5,35,102,11,101.253744964488,0.522164115286432,1.72090162802488,-0.248059799017545,0.0085436969762668,0.000263650643173605,1,29,0.0805781865073368,1,0,1,0,1,0,0,0,0,1,1,1,1,0,1,0,1,1,0,1,9,17
12,0,0,0,0,42,27,103,4,104.30357335601,0.595729740452953,1.56147958920337,3.57796013347235,0.00220315452199429,0.00336126999231055,0,34,0.08129871198209,0,0,0,0,1,0,0,0,0,0,1,0,0,1,0,1,0,0,0,0,9,17
9,0,0,0,0,37,22,133,20,132.752346354537,0.558353286492638,1.07452223659493,7.33542102496834,-0.00116955306031741,0.0305701359501109,1,33,0.0162992095714435,1,1,1,1,1,1,1,1,1,1,1,1,1,1,1,1,1,1,1,1,9,17
10,0,0,0,0,1,15,131,19,128.934216080233,-0.55100453956984,1.00044957455248,-3.6063645009817,0.00901457453379408,0.0391251234896481,1,32,0.0416760022891685,1,1,1,1,1,1,0,1,1,1,1,1,1,1,1,1,1,1,1,1,9,17
24,0,0,0,0,26,21,103,10,109.607943333685,-0.468007540726103,1.03239361871965,1.52013153010279,-0.00466593650402501,0.00607242040336132,1,45,0.0423389647714794,0,1,0,1,1,0,1,1,0,0,1,1,0,1,0,1,0,1,0,0,9,17
25,0,0,0,0,34,17,136,11,137.427154406905,-0.538533857557923,1.44975839206018,7.24406164077179,0.00516530085820705,0.0266534655098803,1,29,0.0706063228053972,1,0,1,1,1,0,0,0,1,0,1,0,0,0,1,0,1,1,1,1,9,17
1,0,0,0,0,22,30,143,18,141.41247424297,-0.404168542264961,1.21378600783646,1.63794433821138,0.000768737813923508,0.012841709968634,1,41,0.068727998402901,1,1,1,1,1,1,1,1,0,1,1,1,1,1,1,1,1,0,1,1,9,17
17,0,0,0,0,4,40,99,17,98.7586519075558,0.493050984176807,1.96033663582057,-0.94687077919571,0.00236265816143714,0.0268326222291216,1,30,0.0851377962180413,1,1,1,1,1,1,1,0,1,1,1,0,0,1,1,1,1,1,1,1,10,17
11,0,0,0,0,26,7,98,11,101.253744964488,0.522164115286432,1.72090162802488,-0.248059799017545,0.0085436969762668,0.000263650643173605,1,29,0.0805781865073368,1,0,1,0,1,0,0,0,0,1,1,1,1,0,1,0,1,1,0,1,10,17
14,0,0,0,0,-1,8,98,11,97.1690472587943,-0.453655227972195,1.35769505077042,-7.47874637471387,0.00874715173267759,0.0327103354013525,1,27,0.0455362974759191,1,0,1,1,1,0,0,0,0,0,1,1,1,1,1,0,0,1,1,0,10,17
20,0,0,0,0,22,25,92,11,90.0112904096022,0.356760377297178,1.26093912799843,-7.03641237003943,0.00403443686547689,0.00498132559936494,1,34,0.0669898945232853,1,1,0,0,1,1,0,0,1,1,1,0,1,0,0,0,0,1,1,1,10,17
18,0,0,0,0,20,9,103,12,101.382815097459,0.488272850518115,1.63173962128349,-1.94709973011669,0.00159206847310998,0.0299910663603805,1,27,0.0672300400724635,1,0,1,1,1,0,0,0,0,1,0,1,1,1,1,0,0,1,1,1,10,17
10,0,0,0,0,26,41,129,19,128.934216080233,-0.55100453956984,1.00044957455248,-3.6063645009817,0.00901457453379408,0.0391251234896481,1,32,0.0416760022891685,1,1,1,1,1,1,0,1,1,1,1,1,1,1,1,1,1,1,1,1,10,17
9,0,0,0,0,32,9,121,20,132.752346354537,0.558353286492638,1.07452223659493,7.33542102496834,-0.00116955306031741,0.0305701359501109,1,33,0.0162992095714435,1,1,1,1,1,1,1,1,1,1,1,1,1,1,1,1,1,1,1,1,10,17
24,0,0,0,0,29,13,110,10,109.607943333685,-0.468007540726103,1.03239361871965,1.52013153010279,-0.00466593650402501,0.00607242040336132,1,45,0.0423389647714794,0,1,0,1,1,0,1,1,0,0,1,1,0,1,0,1,0,1,0,0,10,17
25,0,0,0,0,18,24,141,11,137.427154406905,-0.538533857557923,1.44975839206018,7.24406164077179,0.00516530085820705,0.0266534655098803,1,29,0.0706063228053972,1,0,1,1,1,0,0,0,1,0,1,0,0,0,1,0,1,1,1,1,10,17
1,0,0,0,0,38,38,139,18,141.41247424297,-0.404168542264961,1.21378600783646,1.63794433821138,0.000768737813923508,0.012841709968634,1,41,0.068727998402901,1,1,1,1,1,1,1,1,0,1,1,1,1,1,1,1,1,0,1,1,10,17
17,0,0,0,0,40,38,95,17,98.7586519075558,0.493050984176807,1.96033663582057,-0.94687077919571,0.00236265816143714,0.0268326222291216,1,30,0.0851377962180413,1,1,1,1,1,1,1,0,1,1,1,0,0,1,1,1,1,1,1,1,11,17
18,0,0,0,0,9,20,105,12,101.382815097459,0.488272850518115,1.63173962128349,-1.94709973011669,0.00159206847310998,0.0299910663603805,1,27,0.0672300400724635,1,0,1,1,1,0,0,0,0,1,0,1,1,1,1,0,0,1,1,1,11,17
14,0,0,0,0,33,34,95,11,97.1690472587943,-0.453655227972195,1.35769505077042,-7.47874637471387,0.00874715173267759,0.0327103354013525,1,27,0.0455362974759191,1,0,1,1,1,0,0,0,0,0,1,1,1,1,1,0,0,1,1,0,11,17
11,0,0,0,0,31,4,98,11,101.253744964488,0.522164115286432,1.72090162802488,-0.248059799017545,0.0085436969762668,0.000263650643173605,1,29,0.0805781865073368,1,0,1,0,1,0,0,0,0,1,1,1,1,0,1,0,1,1,0,1,11,17
20,0,0,0,0,8,7,93,11,90.0112904096022,0.356760377297178,1.26093912799843,-7.03641237003943,0.00403443686547689,0.00498132559936494,1,34,0.0669898945232853,1,1,0,0,1,1,0,0,1,1,1,0,1,0,0,0,0,1,1,1,11,17
9,0,0,0,0,43,15,134,20,132.752346354537,0.558353286492638,1.07452223659493,7.33542102496834,-0.00116955306031741,0.0305701359501109,1,33,0.0162992095714435,1,1,1,1,1,1,1,1,1,1,1,1,1,1,1,1,1,1,1,1,11,17
10,0,0,0,0,7,13,134,19,128.934216080233,-0.55100453956984,1.00044957455248,-3.6063645009817,0.00901457453379408,0.0391251234896481,1,32,0.0416760022891685,1,1,1,1,1,1,0,1,1,1,1,1,1,1,1,1,1,1,1,1,11,17
24,0,0,0,0,-2,14,107,10,109.607943333685,-0.468007540726103,1.03239361871965,1.52013153010279,-0.00466593650402501,0.00607242040336132,1,45,0.0423389647714794,0,1,0,1,1,0,1,1,0,0,1,1,0,1,0,1,0,1,0,0,11,17
25,0,0,0,0,13,6,139,11,137.427154406905,-0.538533857557923,1.44975839206018,7.24406164077179,0.00516530085820705,0.0266534655098803,1,29,0.0706063228053972,1,0,1,1,1,0,0,0,1,0,1,0,0,0,1,0,1,1,1,1,11,17
1,0,0,0,0,24,16,146,18,141.41247424297,-0.404168542264961,1.21378600783646,1.63794433821138,0.000768737813923508,0.012841709968634,1,41,0.068727998402901,1,1,1,1,1,1,1,1,0,1,1,1,1,1,1,1,1,0,1,1,11,17
17,0,0,0,0,18,26,95,17,98.7586519075558,0.493050984176807,1.96033663582057,-0.94687077919571,0.00236265816143714,0.0268326222291216,1,30,0.0851377962180413,1,1,1,1,1,1,1,0,1,1,1,0,0,1,1,1,1,1,1,1,12,17
14,0,0,0,0,30,35,98,11,97.1690472587943,-0.453655227972195,1.35769505077042,-7.47874637471387,0.00874715173267759,0.0327103354013525,1,27,0.0455362974759191,1,0,1,1,1,0,0,0,0,0,1,1,1,1,1,0,0,1,1,0,12,17
11,0,0,0,0,16,11,100,11,101.253744964488,0.522164115286432,1.72090162802488,-0.248059799017545,0.0085436969762668,0.000263650643173605,1,29,0.0805781865073368,1,0,1,0,1,0,0,0,0,1,1,1,1,0,1,0,1,1,0,1,12,17
18,0,0,0,0,39,13,100,12,101.382815097459,0.488272850518115,1.63173962128349,-1.94709973011669,0.00159206847310998,0.0299910663603805,1,27,0.0672300400724635,1,0,1,1,1,0,0,0,0,1,0,1,1,1,1,0,0,1,1,1,12,17
20,0,0,0,0,6,12,81,11,90.0112904096022,0.356760377297178,1.26093912799843,-7.03641237003943,0.00403443686547689,0.00498132559936494,1,34,0.0669898945232853,1,1,0,0,1,1,0,0,1,1,1,0,1,0,0,0,0,1,1,1,12,17
10,0,0,0,0,31,41,129,19,128.934216080233,-0.55100453956984,1.00044957455248,-3.6063645009817,0.00901457453379408,0.0391251234896481,1,32,0.0416760022891685,1,1,1,1,1,1,0,1,1,1,1,1,1,1,1,1,1,1,1,1,12,17
9,0,0,0,0,11,33,137,20,132.752346354537,0.558353286492638,1.07452223659493,7.33542102496834,-0.00116955306031741,0.0305701359501109,1,33,0.0162992095714435,1,1,1,1,1,1,1,1,1,1,1,1,1,1,1,1,1,1,1,1,12,17
25,0,0,0,0,0,27,143,11,137.427154406905,-0.538533857557923,1.44975839206018,7.24406164077179,0.00516530085820705,0.0266534655098803,1,29,0.0706063228053972,1,0,1,1,1,0,0,0,1,0,1,0,0,0,1,0,1,1,1,1,12,17
1,0,0,0,0,39,29,152,18,141.41247424297,-0.404168542264961,1.21378600783646,1.63794433821138,0.000768737813923508,0.012841709968634,1,41,0.068727998402901,1,1,1,1,1,1,1,1,0,1,1,1,1,1,1,1,1,0,1,1,12,17
17,0,0,0,0,6,19,100,17,98.7586519075558,0.493050984176807,1.96033663582057,-0.94687077919571,0.00236265816143714,0.0268326222291216,1,30,0.0851377962180413,1,1,1,1,1,1,1,0,1,1,1,0,0,1,1,1,1,1,1,1,13,17
14,0,0,0,0,26,5,102,11,97.1690472587943,-0.453655227972195,1.35769505077042,-7.47874637471387,0.00874715173267759,0.0327103354013525,1,27,0.0455362974759191,1,0,1,1,1,0,0,0,0,0,1,1,1,1,1,0,0,1,1,0,13,17
11,0,0,0,0,32,12,97,11,101.253744964488,0.522164115286432,1.72090162802488,-0.248059799017545,0.0085436969762668,0.000263650643173605,1,29,0.0805781865073368,1,0,1,0,1,0,0,0,0,1,1,1,1,0,1,0,1,1,0,1,13,17
18,0,0,0,0,10,7,101,12,101.382815097459,0.488272850518115,1.63173962128349,-1.94709973011669,0.00159206847310998,0.0299910663603805,1,27,0.0672300400724635,1,0,1,1,1,0,0,0,0,1,0,1,1,1,1,0,0,1,1,1,13,17
20,0,0,0,0,41,4,96,11,90.0112904096022,0.356760377297178,1.26093912799843,-7.03641237003943,0.00403443686547689,0.00498132559936494,1,34,0.0669898945232853,1,1,0,0,1,1,0,0,1,1,1,0,1,0,0,0,0,1,1,1,13,17
10,0,0,0,0,32,27,131,19,128.934216080233,-0.55100453956984,1.00044957455248,-3.6063645009817,0.00901457453379408,0.0391251234896481,1,32,0.0416760022891685,1,1,1,1,1,1,0,1,1,1,1,1,1,1,1,1,1,1,1,1,13,17
9,0,0,0,0,4,35,131,20,132.752346354537,0.558353286492638,1.07452223659493,7.33542102496834,-0.00116955306031741,0.0305701359501109,1,33,0.0162992095714435,1,1,1,1,1,1,1,1,1,1,1,1,1,1,1,1,1,1,1,1,13,17
25,0,0,0,0,17,24,141,11,137.427154406905,-0.538533857557923,1.44975839206018,7.24406164077179,0.00516530085820705,0.0266534655098803,1,29,0.0706063228053972,1,0,1,1,1,0,0,0,1,0,1,0,0,0,1,0,1,1,1,1,13,17
1,0,0,0,0,7,11,135,18,141.41247424297,-0.404168542264961,1.21378600783646,1.63794433821138,0.000768737813923508,0.012841709968634,1,41,0.068727998402901,1,1,1,1,1,1,1,1,0,1,1,1,1,1,1,1,1,0,1,1,13,17
17,0,0,0,0,8,28,100,17,98.7586519075558,0.493050984176807,1.96033663582057,-0.94687077919571,0.00236265816143714,0.0268326222291216,1,30,0.0851377962180413,1,1,1,1,1,1,1,0,1,1,1,0,0,1,1,1,1,1,1,1,14,17
18,0,0,0,0,15,21,114,12,101.382815097459,0.488272850518115,1.63173962128349,-1.94709973011669,0.00159206847310998,0.0299910663603805,1,27,0.0672300400724635,1,0,1,1,1,0,0,0,0,1,0,1,1,1,1,0,0,1,1,1,14,17
14,0,0,0,0,23,32,103,11,97.1690472587943,-0.453655227972195,1.35769505077042,-7.47874637471387,0.00874715173267759,0.0327103354013525,1,27,0.0455362974759191,1,0,1,1,1,0,0,0,0,0,1,1,1,1,1,0,0,1,1,0,14,17
11,0,0,0,0,0,22,102,11,101.253744964488,0.522164115286432,1.72090162802488,-0.248059799017545,0.0085436969762668,0.000263650643173605,1,29,0.0805781865073368,1,0,1,0,1,0,0,0,0,1,1,1,1,0,1,0,1,1,0,1,14,17
10,0,0,0,0,7,13,128,19,128.934216080233,-0.55100453956984,1.00044957455248,-3.6063645009817,0.00901457453379408,0.0391251234896481,1,32,0.0416760022891685,1,1,1,1,1,1,0,1,1,1,1,1,1,1,1,1,1,1,1,1,14,17
9,0,0,0,0,35,11,132,20,132.752346354537,0.558353286492638,1.07452223659493,7.33542102496834,-0.00116955306031741,0.0305701359501109,1,33,0.0162992095714435,1,1,1,1,1,1,1,1,1,1,1,1,1,1,1,1,1,1,1,1,14,17
25,0,0,0,0,12,15,136,11,137.427154406905,-0.538533857557923,1.44975839206018,7.24406164077179,0.00516530085820705,0.0266534655098803,1,29,0.0706063228053972,1,0,1,1,1,0,0,0,1,0,1,0,0,0,1,0,1,1,1,1,14,17
1,0,0,0,0,22,18,138,18,141.41247424297,-0.404168542264961,1.21378600783646,1.63794433821138,0.000768737813923508,0.012841709968634,1,41,0.068727998402901,1,1,1,1,1,1,1,1,0,1,1,1,1,1,1,1,1,0,1,1,14,17
17,0,0,0,0,41,13,97,17,98.7586519075558,0.493050984176807,1.96033663582057,-0.94687077919571,0.00236265816143714,0.0268326222291216,1,30,0.0851377962180413,1,1,1,1,1,1,1,0,1,1,1,0,0,1,1,1,1,1,1,1,15,17
14,0,0,0,0,39,16,99,11,97.1690472587943,-0.453655227972195,1.35769505077042,-7.47874637471387,0.00874715173267759,0.0327103354013525,1,27,0.0455362974759191,1,0,1,1,1,0,0,0,0,0,1,1,1,1,1,0,0,1,1,0,15,17
11,0,0,0,0,3,11,97,11,101.253744964488,0.522164115286432,1.72090162802488,-0.248059799017545,0.0085436969762668,0.000263650643173605,1,29,0.0805781865073368,1,0,1,0,1,0,0,0,0,1,1,1,1,0,1,0,1,1,0,1,15,17
18,0,0,0,0,4,4,99,12,101.382815097459,0.488272850518115,1.63173962128349,-1.94709973011669,0.00159206847310998,0.0299910663603805,1,27,0.0672300400724635,1,0,1,1,1,0,0,0,0,1,0,1,1,1,1,0,0,1,1,1,15,17
10,0,0,0,0,34,24,130,19,128.934216080233,-0.55100453956984,1.00044957455248,-3.6063645009817,0.00901457453379408,0.0391251234896481,1,32,0.0416760022891685,1,1,1,1,1,1,0,1,1,1,1,1,1,1,1,1,1,1,1,1,15,17
9,0,0,0,0,-2,17,139,20,132.752346354537,0.558353286492638,1.07452223659493,7.33542102496834,-0.00116955306031741,0.0305701359501109,1,33,0.0162992095714435,1,1,1,1,1,1,1,1,1,1,1,1,1,1,1,1,1,1,1,1,15,17
25,0,0,0,0,34,32,141,11,137.427154406905,-0.538533857557923,1.44975839206018,7.24406164077179,0.00516530085820705,0.0266534655098803,1,29,0.0706063228053972,1,0,1,1,1,0,0,0,1,0,1,0,0,0,1,0,1,1,1,1,15,17
1,0,0,0,0,33,22,138,18,141.41247424297,-0.404168542264961,1.21378600783646,1.63794433821138,0.000768737813923508,0.012841709968634,1,41,0.068727998402901,1,1,1,1,1,1,1,1,0,1,1,1,1,1,1,1,1,0,1,1,15,17
17,0,0,0,0,9,38,84,17,98.7586519075558,0.493050984176807,1.96033663582057,-0.94687077919571,0.00236265816143714,0.0268326222291216,1,30,0.0851377962180413,1,1,1,1,1,1,1,0,1,1,1,0,0,1,1,1,1,1,1,1,16,17
14,0,0,0,0,8,39,103,11,97.1690472587943,-0.453655227972195,1.35769505077042,-7.47874637471387,0.00874715173267759,0.0327103354013525,1,27,0.0455362974759191,1,0,1,1,1,0,0,0,0,0,1,1,1,1,1,0,0,1,1,0,16,17
18,0,0,0,0,28,13,101,12,101.382815097459,0.488272850518115,1.63173962128349,-1.94709973011669,0.00159206847310998,0.0299910663603805,1,27,0.0672300400724635,1,0,1,1,1,0,0,0,0,1,0,1,1,1,1,0,0,1,1,1,16,17
11,0,0,0,0,37,33,99,11,101.253744964488,0.522164115286432,1.72090162802488,-0.248059799017545,0.0085436969762668,0.000263650643173605,1,29,0.0805781865073368,1,0,1,0,1,0,0,0,0,1,1,1,1,0,1,0,1,1,0,1,16,17
10,0,0,0,0,8,5,128,19,128.934216080233,-0.55100453956984,1.00044957455248,-3.6063645009817,0.00901457453379408,0.0391251234896481,1,32,0.0416760022891685,1,1,1,1,1,1,0,1,1,1,1,1,1,1,1,1,1,1,1,1,16,17
9,0,0,0,0,16,30,129,20,132.752346354537,0.558353286492638,1.07452223659493,7.33542102496834,-0.00116955306031741,0.0305701359501109,1,33,0.0162992095714435,1,1,1,1,1,1,1,1,1,1,1,1,1,1,1,1,1,1,1,1,16,17
25,0,0,0,0,36,10,142,11,137.427154406905,-0.538533857557923,1.44975839206018,7.24406164077179,0.00516530085820705,0.0266534655098803,1,29,0.0706063228053972,1,0,1,1,1,0,0,0,1,0,1,0,0,0,1,0,1,1,1,1,16,17
1,0,0,0,0,12,25,143,18,141.41247424297,-0.404168542264961,1.21378600783646,1.63794433821138,0.000768737813923508,0.012841709968634,1,41,0.068727998402901,1,1,1,1,1,1,1,1,0,1,1,1,1,1,1,1,1,0,1,1,16,17
17,0,0,0,0,39,18,96,17,98.7586519075558,0.493050984176807,1.96033663582057,-0.94687077919571,0.00236265816143714,0.0268326222291216,1,30,0.0851377962180413,1,1,1,1,1,1,1,0,1,1,1,0,0,1,1,1,1,1,1,1,17,17
14,0,0,0,0,17,33,108,11,97.1690472587943,-0.453655227972195,1.35769505077042,-7.47874637471387,0.00874715173267759,0.0327103354013525,1,27,0.0455362974759191,1,0,1,1,1,0,0,0,0,0,1,1,1,1,1,0,0,1,1,0,17,17
18,0,0,0,0,1,23,88,12,101.382815097459,0.488272850518115,1.63173962128349,-1.94709973011669,0.00159206847310998,0.0299910663603805,1,27,0.0672300400724635,1,0,1,1,1,0,0,0,0,1,0,1,1,1,1,0,0,1,1,1,17,17
11,0,0,0,0,23,26,94,11,101.253744964488,0.522164115286432,1.72090162802488,-0.248059799017545,0.0085436969762668,0.000263650643173605,1,29,0.0805781865073368,1,0,1,0,1,0,0,0,0,1,1,1,1,0,1,0,1,1,0,1,17,17
10,0,0,0,0,30,20,124,19,128.934216080233,-0.55100453956984,1.00044957455248,-3.6063645009817,0.00901457453379408,0.0391251234896481,1,32,0.0416760022891685,1,1,1,1,1,1,0,1,1,1,1,1,1,1,1,1,1,1,1,1,17,17
9,0,0,0,0,7,34,134,20,132.752346354537,0.558353286492638,1.07452223659493,7.33542102496834,-0.00116955306031741,0.0305701359501109,1,33,0.0162992095714435,1,1,1,1,1,1,1,1,1,1,1,1,1,1,1,1,1,1,1,1,17,17
25,0,0,0,0,18,43,138,11,137.427154406905,-0.538533857557923,1.44975839206018,7.24406164077179,0.00516530085820705,0.0266534655098803,1,29,0.0706063228053972,1,0,1,1,1,0,0,0,1,0,1,0,0,0,1,0,1,1,1,1,17,17
1,0,0,0,0,0,0,142,18,141.41247424297,-0.404168542264961,1.21378600783646,1.63794433821138,0.000768737813923508,0.012841709968634,1,41,0.068727998402901,1,1,1,1,1,1,1,1,0,1,1,1,1,1,1,1,1,0,1,1,17,17
17,0,0,0,0,16,12,100,17,98.7586519075558,0.493050984176807,1.96033663582057,-0.94687077919571,0.00236265816143714,0.0268326222291216,1,30,0.0851377962180413,1,1,1,1,1,1,1,0,1,1,1,0,0,1,1,1,1,1,1,1,18,17
18,0,0,0,0,20,13,100,12,101.382815097459,0.488272850518115,1.63173962128349,-1.94709973011669,0.00159206847310998,0.0299910663603805,1,27,0.0672300400724635,1,0,1,1,1,0,0,0,0,1,0,1,1,1,1,0,0,1,1,1,18,17
14,0,0,0,0,27,13,101,11,97.1690472587943,-0.453655227972195,1.35769505077042,-7.47874637471387,0.00874715173267759,0.0327103354013525,1,27,0.0455362974759191,1,0,1,1,1,0,0,0,0,0,1,1,1,1,1,0,0,1,1,0,18,17
11,0,0,0,0,6,36,98,11,101.253744964488,0.522164115286432,1.72090162802488,-0.248059799017545,0.0085436969762668,0.000263650643173605,1,29,0.0805781865073368,1,0,1,0,1,0,0,0,0,1,1,1,1,0,1,0,1,1,0,1,18,17
10,0,0,0,0,6,26,129,19,128.934216080233,-0.55100453956984,1.00044957455248,-3.6063645009817,0.00901457453379408,0.0391251234896481,1,32,0.0416760022891685,1,1,1,1,1,1,0,1,1,1,1,1,1,1,1,1,1,1,1,1,18,17
9,0,0,0,0,31,15,134,20,132.752346354537,0.558353286492638,1.07452223659493,7.33542102496834,-0.00116955306031741,0.0305701359501109,1,33,0.0162992095714435,1,1,1,1,1,1,1,1,1,1,1,1,1,1,1,1,1,1,1,1,18,17
25,0,0,0,0,29,27,137,11,137.427154406905,-0.538533857557923,1.44975839206018,7.24406164077179,0.00516530085820705,0.0266534655098803,1,29,0.0706063228053972,1,0,1,1,1,0,0,0,1,0,1,0,0,0,1,0,1,1,1,1,18,17
1,0,0,0,0,21,7,159,18,141.41247424297,-0.404168542264961,1.21378600783646,1.63794433821138,0.000768737813923508,0.012841709968634,1,41,0.068727998402901,1,1,1,1,1,1,1,1,0,1,1,1,1,1,1,1,1,0,1,1,18,17
17,0,0,0,0,43,16,88,17,98.7586519075558,0.493050984176807,1.96033663582057,-0.94687077919571,0.00236265816143714,0.0268326222291216,1,30,0.0851377962180413,1,1,1,1,1,1,1,0,1,1,1,0,0,1,1,1,1,1,1,1,19,17
14,0,0,0,0,1,10,92,11,97.1690472587943,-0.453655227972195,1.35769505077042,-7.47874637471387,0.00874715173267759,0.0327103354013525,1,27,0.0455362974759191,1,0,1,1,1,0,0,0,0,0,1,1,1,1,1,0,0,1,1,0,19,17
18,0,0,0,0,32,18,104,12,101.382815097459,0.488272850518115,1.63173962128349,-1.94709973011669,0.00159206847310998,0.0299910663603805,1,27,0.0672300400724635,1,0,1,1,1,0,0,0,0,1,0,1,1,1,1,0,0,1,1,1,19,17
11,0,0,0,0,14,8,99,11,101.253744964488,0.522164115286432,1.72090162802488,-0.248059799017545,0.0085436969762668,0.000263650643173605,1,29,0.0805781865073368,1,0,1,0,1,0,0,0,0,1,1,1,1,0,1,0,1,1,0,1,19,17
10,0,0,0,0,26,7,132,19,128.934216080233,-0.55100453956984,1.00044957455248,-3.6063645009817,0.00901457453379408,0.0391251234896481,1,32,0.0416760022891685,1,1,1,1,1,1,0,1,1,1,1,1,1,1,1,1,1,1,1,1,19,17
9,0,0,0,0,5,12,138,20,132.752346354537,0.558353286492638,1.07452223659493,7.33542102496834,-0.00116955306031741,0.0305701359501109,1,33,0.0162992095714435,1,1,1,1,1,1,1,1,1,1,1,1,1,1,1,1,1,1,1,1,19,17
25,0,0,0,0,12,16,139,11,137.427154406905,-0.538533857557923,1.44975839206018,7.24406164077179,0.00516530085820705,0.0266534655098803,1,29,0.0706063228053972,1,0,1,1,1,0,0,0,1,0,1,0,0,0,1,0,1,1,1,1,19,17
1,0,0,0,0,20,24,142,18,141.41247424297,-0.404168542264961,1.21378600783646,1.63794433821138,0.000768737813923508,0.012841709968634,1,41,0.068727998402901,1,1,1,1,1,1,1,1,0,1,1,1,1,1,1,1,1,0,1,1,19,17
17,0,0,0,0,22,31,97,17,98.7586519075558,0.493050984176807,1.96033663582057,-0.94687077919571,0.00236265816143714,0.0268326222291216,1,30,0.0851377962180413,1,1,1,1,1,1,1,0,1,1,1,0,0,1,1,1,1,1,1,1,20,17
14,0,0,0,0,10,7,104,11,97.1690472587943,-0.453655227972195,1.35769505077042,-7.47874637471387,0.00874715173267759,0.0327103354013525,1,27,0.0455362974759191,1,0,1,1,1,0,0,0,0,0,1,1,1,1,1,0,0,1,1,0,20,17
11,0,0,0,0,42,25,100,11,101.253744964488,0.522164115286432,1.72090162802488,-0.248059799017545,0.0085436969762668,0.000263650643173605,1,29,0.0805781865073368,1,0,1,0,1,0,0,0,0,1,1,1,1,0,1,0,1,1,0,1,20,17
10,0,0,0,0,38,36,128,19,128.934216080233,-0.55100453956984,1.00044957455248,-3.6063645009817,0.00901457453379408,0.0391251234896481,1,32,0.0416760022891685,1,1,1,1,1,1,0,1,1,1,1,1,1,1,1,1,1,1,1,1,20,17
9,0,0,0,0,7,3,131,20,132.752346354537,0.558353286492638,1.07452223659493,7.33542102496834,-0.00116955306031741,0.0305701359501109,1,33,0.0162992095714435,1,1,1,1,1,1,1,1,1,1,1,1,1,1,1,1,1,1,1,1,20,17
1,0,0,0,0,38,31,137,18,141.41247424297,-0.404168542264961,1.21378600783646,1.63794433821138,0.000768737813923508,0.012841709968634,1,41,0.068727998402901,1,1,1,1,1,1,1,1,0,1,1,1,1,1,1,1,1,0,1,1,20,17
25,0,0,0,0,32,20,136,11,137.427154406905,-0.538533857557923,1.44975839206018,7.24406164077179,0.00516530085820705,0.0266534655098803,1,29,0.0706063228053972,1,0,1,1,1,0,0,0,1,0,1,0,0,0,1,0,1,1,1,1,20,17
