"speciesid","population","season","mean.emergence","median.emergence","q1","q3","first","last","sd","run"
1,150,-1,0,0,0,0,0,0,0,5
2,150,-1,0,0,0,0,0,0,0,5
3,150,-1,0,0,0,0,0,0,0,5
4,150,-1,0,0,0,0,0,0,0,5
5,150,-1,0,0,0,0,0,0,0,5
6,150,-1,0,0,0,0,0,0,0,5
7,150,-1,0,0,0,0,0,0,0,5
8,150,-1,0,0,0,0,0,0,0,5
9,150,-1,0,0,0,0,0,0,0,5
10,150,-1,0,0,0,0,0,0,0,5
11,150,-1,0,0,0,0,0,0,0,5
12,150,-1,0,0,0,0,0,0,0,5
13,150,-1,0,0,0,0,0,0,0,5
14,150,-1,0,0,0,0,0,0,0,5
15,150,-1,0,0,0,0,0,0,0,5
16,150,-1,0,0,0,0,0,0,0,5
17,150,-1,0,0,0,0,0,0,0,5
18,150,-1,0,0,0,0,0,0,0,5
19,150,-1,0,0,0,0,0,0,0,5
20,150,-1,0,0,0,0,0,0,0,5
1,67,0,98.5074626865672,99,95.5,103,84.6,109.7,7.08684896925146,5
2,69,0,109.63768115942,110,108,111,106,114,2.9052235638018,5
3,68,0,87.9558823529412,89,86,91,79.7,93,4.49355699126135,5
4,68,0,94.8529411764706,95,92,97,88,102.95,4.37859346966666,5
5,71,0,110.957746478873,111,108,113,104.5,120,4.85926690449234,5
6,64,0,94.421875,94.5,91,97,84.3,103,6.01533671490223,5
7,74,0,137.716216216216,138,135,141,129,145,5.28248662458425,5
8,66,0,132.666666666667,132.5,130,136,125.25,139.75,4.31217715253812,5
9,74,0,109.905405405405,109,107,112,101.65,118.35,4.6084167159574,5
10,62,0,146.129032258065,147,141.5,151,133.2,154.95,6.4439166151654,5
11,57,0,104.80701754386,105,102,108,96.8,111.4,4.56085282004531,5
12,63,0,124.603174603175,125,122.5,128,119,130,4.63346760185167,5
13,62,0,110.322580645161,109,106,114.75,99.15,120,7.3769116856568,5
14,63,0,149.920634920635,150,147,152,145,156,3.70832362483411,5
15,63,0,151.619047619048,151,147.5,154.5,143.1,161.8,6.1890344534053,5
16,71,0,152.535211267606,153,148.5,157,141,164,6.94638854969255,5
17,77,0,147.818181818182,147,145,151,140,156.2,5.63524452541716,5
18,50,0,130.84,131,129,133.75,123.45,137.65,4.82916310829637,5
19,83,0,103.578313253012,103,101,107,90.2,114.9,6.99149392934661,5
20,67,0,129.955223880597,131,127,134,118.3,139.4,7.07199520906207,5
1,49,1,97.5102040816327,98,94,102,84.8,106.6,6.78884639494441,5
2,97,1,109.474226804124,109,108,111,106,115,2.75791581748925,5
3,109,1,88.5688073394495,88,86,92,81,96,5.24116005761847,5
4,103,1,94.5825242718447,95,91,98,87.1,103,4.95177581900271,5
5,53,1,111,111,109,113,105,117,4.07147676855991,5
6,36,1,96.4444444444444,95.5,91.75,99,87.5,107.25,7.99801562690734,5
7,120,1,138.425,139,136,142,131,144,4.51638008538146,5
8,65,1,130.015384615385,131,127,134,120.2,137.8,5.90945298783099,5
9,113,1,108.743362831858,109,105,112,102.6,115.4,4.27362918928804,5
10,61,1,145.491803278689,146,142,150,136,156,6.7740262543032,5
11,33,1,104.515151515152,105,101,107,99,111,4.16173951101889,5
12,88,1,124.909090909091,125,122.75,127.25,118,131.65,4.06452656228848,5
13,33,1,110.151515151515,110,106,114,98,120,6.61022509129423,5
14,97,1,149.164948453608,149,147,151,143,156,4.08166737878839,5
15,79,1,152.645569620253,153,148,157,140.7,165,7.42490261471756,5
16,56,1,152.625,151,147.75,157,143,168.5,7.78241023661109,5
17,112,1,148.339285714286,147,144,152,140.55,160,6.00383296703117,5
18,65,1,133.430769230769,133,130,138,122.6,142.8,6.01812167221123,5
19,111,1,104.90990990991,104,101,108,96,116.5,6.08059439311883,5
20,86,1,129.06976744186,130,127,132,120.25,135,4.34616990998476,5
1,15,2,97,97,89,105,80.9,110.3,10.555973258235,5
2,110,2,109.918181818182,110,108,112,105,115,3.16555955655369,5
3,118,2,88.5677966101695,89,87,91,81,94,4.41729083844854,5
4,130,2,95.1076923076923,95,93,97.75,88,102.55,4.65765378912175,5
5,20,2,111,111,109,113,106.9,116.05,3.00875914272767,5
6,18,2,94.2222222222222,92.5,91,97.25,85.55,103.55,7.53466932453345,5
7,131,2,138.091603053435,138,135,142,127.5,145.5,5.37007431789197,5
8,43,2,131.93023255814,132,128,136,124.1,139.9,5.31572397451189,5
9,158,2,110.29746835443,110,107,112.75,103,120,5.39817083158894,5
10,59,2,148.067796610169,149,146,151,137.9,154.1,4.80252953025318,5
11,27,2,106.111111111111,105,103,108.5,99.3,112.7,5.36608533242547,5
12,103,2,123.893203883495,124,122,126,118.1,130.8,3.7545074122985,5
13,13,2,111.076923076923,113,107,115,96.6,123.2,8.94857100753651,5
14,105,2,149.447619047619,149,147,152,144,158,4.15095205108454,5
15,92,2,151.510869565217,151,148,154.25,141,162.45,6.95273614448928,5
16,34,2,154.411764705882,152,150,160.5,145.65,169.35,7.67963717205925,5
17,131,2,147.69465648855,147,144,151,138,159.5,7.02730184546288,5
18,67,2,132.208955223881,133,129,135,122.3,140,5.43985659746606,5
19,127,2,105.141732283465,105,102,108,98,113,4.99956253554315,5
20,95,2,131.336842105263,131,128,135,123.7,140.3,5.67677336865401,5
1,2,3,100.5,100.5,99.25,101.75,98.25,102.75,3.53553390593274,5
2,113,3,109.734513274336,110,108,112,105.6,114.4,3.00005267547518,5
3,123,3,88.8292682926829,89,87,91,82.1,95,3.98502795735132,5
4,129,3,93.8914728682171,94,91,96,86.4,101,4.66074080431011,5
5,6,3,110.166666666667,109.5,105.5,113.5,105,117,5.34477938428395,5
6,9,3,93.2222222222222,92,87,100,82.6,105.2,8.71461097493425,5
7,147,3,138.721088435374,139,136,142,128.3,146,5.48694879020865,5
8,35,3,132.485714285714,132,130,135,123.7,140.2,4.88317295938414,5
9,158,3,108.829113924051,108,106,111,103,117,4.04464423411617,5
10,70,3,145.842857142857,146,142,150,130.7,157.55,8.19620929399013,5
11,31,3,103.935483870968,104,101,107,96.5,112.5,5.57336214428937,5
12,114,3,124.605263157895,125,122.25,127,116.65,131,4.48915787489261,5
13,3,3,108.666666666667,114,106,114,99.6,114,9.23760430703401,5
14,97,3,149.59793814433,149,147,152,144.8,155.2,3.51976500699512,5
15,99,3,152.929292929293,151,148,156.5,142.9,170.2,7.97988865613658,5
16,25,3,151,151,148,155,140.6,160.8,6.03462233007722,5
17,137,3,147.693430656934,147,144,151,139,158,6.05436406020195,5
18,53,3,131.962264150943,132,129,136,121,139.4,5.48060308357134,5
19,130,3,105.284615384615,105,102,108.75,96.45,114.55,5.23440410028045,5
20,113,3,129.053097345133,130,126,134,116.6,138,7.41359839846033,5
2,121,4,109.884297520661,110,108,112,106,115,2.79341512204633,5
3,132,4,88.1136363636364,88,86,91,81,95,4.26175559150464,5
4,135,4,94.5481481481481,94,92,98,87,102.3,4.85570678028413,5
5,3,4,109.333333333333,110,108.5,110.5,107.3,110.9,2.08166599946613,5
6,2,4,89.5,89.5,84.75,94.25,80.95,98.05,13.4350288425444,5
7,141,4,138.269503546099,138,136,141,129,146,5.47054376067748,5
8,42,4,132.357142857143,133,130,135,124,139,5.07899273945009,5
9,170,4,110.105882352941,109.5,107,113,104,118,4.47616575516748,5
10,59,4,147.305084745763,148,143,151,137.8,156,5.79016478024153,5
11,28,4,105.678571428571,105,103.75,108,101.7,110.65,3.52823081705445,5
12,113,4,124.203539823009,124,121,127,117.6,131,4.46446143775523,5
14,102,4,148.745098039216,149,146,151,143.05,155.9,3.90401234200544,5
15,97,4,152.216494845361,151,146,157,142,169,8.44988511278372,5
16,26,4,151.230769230769,150,145.5,154.75,138.75,167.5,9.98121312189132,5
17,131,4,147.63358778626,147,144,151,139,158.5,5.57081144050809,5
18,52,4,131.423076923077,131.5,127,136,119.55,141,6.95742276445658,5
19,124,4,104.870967741935,105,102,108,98.15,112.85,4.60640724141361,5
20,119,4,130.168067226891,130,127,134,120.9,140,5.67378647927391,5
2,146,5,109.801369863014,110,108,112,104,116,3.68336402278228,5
3,143,5,88.5664335664336,89,86,91,82,94.9,3.89394517449385,5
4,123,5,94.8048780487805,95,92,98,88.1,101.9,3.98698402095703,5
5,1,5,110,110,110,110,110,110,NA,5
7,131,5,138.534351145038,139,135.5,142,128,146,5.72618507710737,5
8,37,5,131.513513513514,133,129,135,123.6,137,4.23360643227774,5
9,161,5,109.534161490683,109,107,112,104,117,4.9950363560997,5
10,62,5,146,146,143,150.75,130.2,155,6.81367958655209,5
11,30,5,103.533333333333,104,100.25,106,96,113.55,6.05568033897234,5
12,114,5,124.070175438596,124,121,126,116.65,132,5.16920647141998,5
14,104,5,148.634615384615,148,146,151,142.15,156,3.92665200484327,5
15,86,5,152.883720930233,151,146.25,157,142,172.75,9.8104609289702,5
16,25,5,151.4,151,148,157,138,164.8,8.71779788708135,5
17,131,5,147.793893129771,147,144,150,140,157.5,6.12274141371821,5
18,54,5,131.907407407407,132,129,136,120.65,141,6.47569772890694,5
19,132,5,104.954545454545,105,101,108,97,114.45,5.86861706060508,5
20,112,5,129.857142857143,130,126,134,119.55,139,6.91109193711036,5
2,137,6,110.211678832117,110,108,112,105,115,3.27519792157734,5
3,132,6,87.8409090909091,88,85,91,79.55,94,4.36297668793436,5
4,116,6,93.9051724137931,94,90.75,97,88,102.25,4.51851928088773,5
7,134,6,138.410447761194,138,136,142,130.65,147.35,5.65181810732646,5
8,35,6,133.514285714286,133,130,136,125,142.8,5.36531030061158,5
9,176,6,109.9375,109,107,113,103,119.25,4.88982179050087,5
10,68,6,146.235294117647,146.5,141,151,136,153.65,6.28933626533614,5
11,25,6,103.52,105,101,106,91.4,109,7.10703876449256,5
12,113,6,124.398230088496,124,122,127,116.2,131,4.33123997217732,5
14,94,6,149.5,149,147,151,145,156,3.32714479292956,5
15,90,6,151.477777777778,151,146,156,139.45,163.55,7.84860651451742,5
16,16,6,154.9375,153.5,149,160.25,143,168.75,9.78753458912577,5
17,138,6,147.666666666667,148,144.25,151,138.85,158,5.86008810543036,5
18,63,6,133.714285714286,134,130,137,122.3,142.9,6.09184693490743,5
19,141,6,105.09219858156,105,101,109,96,115,5.53805111313649,5
20,118,6,129.135593220339,130,127,133,117,138,6.37424740553441,5
2,147,7,109.863945578231,110,108,112,105,114,2.84686671258241,5
3,128,7,88,88,85,91,80,96,4.5489464039299,5
4,113,7,94.6283185840708,95,92,97,88,101,4.03598697936428,5
7,140,7,138.5,139,136,142,129.95,145,4.80182818901661,5
8,28,7,133.642857142857,134,131.75,136,128,139.65,4.43232474504099,5
9,177,7,109.35593220339,109,106,113,101,118,5.02639412546096,5
10,71,7,146.211267605634,146,143,151,130.5,157,8.12740600500685,5
11,35,7,104.428571428571,105,101.5,108.5,97.7,110.6,5.38672504613787,5
12,109,7,124.908256880734,125,123,127,119.4,131.6,3.61719474998613,5
14,79,7,149.088607594937,149,147,151,141.7,160,4.55223211920494,5
15,83,7,151.951807228916,151,146,158,139,166.9,8.90451189341376,5
16,6,7,154.833333333333,155.5,149,159.75,148,161.5,6.27428614797466,5
17,149,7,147.503355704698,146,144,150,139,157.6,6.13983906941338,5
18,78,7,132.628205128205,133,129,136,123.85,144.15,6.51892145959261,5
19,139,7,105.172661870504,105,101.5,108,97,116,5.65804295754969,5
20,115,7,128.921739130435,130,125,133,119,137,5.52529720735416,5
2,132,8,109.477272727273,109.5,107,111,105,114,2.86187337643753,5
3,117,8,88.5042735042735,89,86,91,80.8,95.2,4.76268529664677,5
4,124,8,94.9032258064516,95,92,98,87,102,4.63184339646861,5
7,162,8,137.685185185185,138,135,141,127.05,145.95,5.56215274270631,5
8,23,8,132.652173913043,133,129.5,136,124.2,140,5.49055963079252,5
9,174,8,109.770114942529,109,107,113,101,119,5.71621999970065,5
10,90,8,147.166666666667,148,143.25,150.75,135.45,159,7.28589525473166,5
11,36,8,105.166666666667,104.5,102,107.25,100,112.25,4.41102514809685,5
12,111,8,124.081081081081,124,121,126,118.5,131,3.80223650724182,5
14,82,8,149.487804878049,149,147,151,145.05,154.95,3.58750885898687,5
15,72,8,152.458333333333,152.5,149,156,143,162,7.30606057508152,5
17,153,8,147.797385620915,147,143,151,140,158,6.13913190023444,5
18,80,8,133.525,133.5,131,137.25,123.9,143,6.05873153787996,5
19,130,8,105.207692307692,105,102,108.75,96.45,116.55,6.37545700304024,5
20,106,8,129.103773584906,130,126,133.75,118,138,6.54788842049829,5
2,134,9,109.865671641791,109.5,108,112,105,116,3.32407722460379,5
3,108,9,88.0092592592593,88,85,91,82.35,95,3.83660522247091,5
4,135,9,94.2296296296296,94,91.5,97,86.7,102,4.57596045010297,5
7,156,9,137.858974358974,138.5,135,141,129,145.25,5.61156492226167,5
8,35,9,133.742857142857,134,131,136,125.6,140.8,5.79219991298063,5
9,189,9,109.666666666667,110,106,112,102,117.6,5.120879246313,5
10,85,9,146.258823529412,147,142,150,134.2,156,7.28035998124973,5
11,38,9,104.315789473684,104,102,108,95,112,5.53663603184058,5
12,104,9,124.586538461538,124.5,121.75,127,118.15,131.85,4.18181587566022,5
14,82,9,148.463414634146,148,146,150,144,155,3.51432736641049,5
15,81,9,153.098765432099,153,148,156,143,168,8.29548813854797,5
17,147,9,147.530612244898,147,143,151.5,139,157,5.97059704507376,5
18,76,9,133,133,131,137,119,141.25,5.91720654813852,5
19,127,9,104.803149606299,104,101,107.5,96,115.7,5.76943144578381,5
20,101,9,129.930693069307,130,127,134,119,140,6.88368713080799,5
2,137,10,109.744525547445,109,108,112,105,114.4,3.26980211013083,5
3,110,10,88.8727272727273,89,86,92,82,95.55,4.03450505339315,5
4,141,10,94.758865248227,95,92,97,89,102,4.28435811031554,5
7,163,10,138.441717791411,139,136,141,129.1,147,5.35769685121287,5
8,36,10,132.527777777778,133,131,136,124.75,139,4.80170274031506,5
9,181,10,109.618784530387,110,106,112,102,118,4.94564686960871,5
10,74,10,147.202702702703,147,142,151.75,137.3,158.35,6.93014010755941,5
11,43,10,104.790697674419,106,101,107.5,97,111,4.66270991885356,5
12,101,10,124.683168316832,125,122,127,119,131,4.23067534341577,5
14,77,10,148.896103896104,148,146,152,142,155,4.0150519941066,5
15,87,10,153.379310344828,152,147,156.5,141.6,171.8,9.33764745446954,5
17,145,10,147.834482758621,147,143,152,139,158.8,6.33992397551624,5
18,75,10,133.2,133,130,138,123.7,143,6.98066828675663,5
19,121,10,104.454545454545,104,100,108,96,114,5.5,5
20,106,10,130.132075471698,131,127,134,120,139,6.02230057559578,5
2,139,11,109.611510791367,109,108,111,104.9,115,3.43787681226829,5
3,96,11,88.3020833333333,89,85.75,91,80,96,4.63424277960822,5
4,156,11,93.9807692307692,94,91,97,87.75,100.25,4.52444422371398,5
7,167,11,138.622754491018,139,135,143,128.3,147,5.53479330647372,5
8,32,11,132.09375,132,129.75,133.25,127,137.45,3.35395168949761,5
9,189,11,110.169312169312,110,107,113,102.4,118.6,5.28978441954145,5
10,82,11,146.841463414634,148.5,144,151.75,134.05,155.95,7.16553739973772,5
11,35,11,104.514285714286,105,101,108,95.4,110.3,4.88919233418693,5
12,118,11,124.305084745763,125,122,127,117.85,130,4.06676854554242,5
14,73,11,149.315068493151,149,147,151,144,157,3.93303922745349,5
15,95,11,152.894736842105,151,148,156.5,143,169,7.79043833499039,5
17,138,11,147.934782608696,147,145,151,140,156.15,4.90970515376653,5
18,69,11,132.31884057971,133,129,137,121.4,142,6.78773277928904,5
19,96,11,103.875,103,100,108,95,115,6.13059626189132,5
20,110,11,128.845454545455,129.5,126,132,119,137.55,5.80601770016353,5
2,129,12,110.248062015504,110,108,112,105,115.6,3.32845452066331,5
3,89,12,88.3820224719101,89,87,91,81.4,94,3.79445054705352,5
4,172,12,94.3953488372093,94.5,92,97,88.55,100.45,3.94043091349585,5
7,164,12,138.15243902439,139,136,141,128,146,5.53249687049401,5
8,26,12,132.230769230769,132,130,135.75,121.25,141,5.69426161891209,5
9,212,12,109.806603773585,109,106,112,103,120.45,5.2406860530579,5
10,68,12,147.25,148.5,142,153,132.7,159,8.14307690572411,5
11,38,12,104.815789473684,105,102,108,95.4,114.15,6.06654656272612,5
12,130,12,124.584615384615,124.5,122,127,118,131,4.01312693985879,5
14,67,12,149.462686567164,149,147,152,144,156.7,3.80720353193846,5
15,91,12,152.769230769231,152,148,156,144.5,163.5,7.37575144657881,5
17,151,12,148.258278145695,148,145,151.5,140,157.5,5.88496794231873,5
18,74,12,131.378378378378,133,128,135,121.3,138,5.44135031262752,5
19,66,12,104.590909090909,104,101.25,107,98,111,4.85157317143236,5
20,117,12,129.641025641026,130,126,134,118.8,139,6.3605214740421,5
2,116,13,109.543103448276,109.5,108,111.25,105,114,3.03713893221124,5
3,89,13,88.2584269662921,88,86,91,81.4,95,4.2440549057359,5
4,170,13,94.1176470588235,94,91.25,97,86,100,4.30057589292296,5
7,169,13,137.869822485207,138,135,141,130,145,4.91906888127998,5
8,33,13,132.454545454545,133,130,135,126.6,137.8,3.85754867994972,5
9,234,13,109.675213675214,109,106,112,102,119,5.23823686851097,5
10,68,13,145.911764705882,146,142,150,134.35,156.95,7.11050367491464,5
11,34,13,105.117647058824,106.5,101.25,109,95.6,111.35,5.55831185339007,5
12,122,13,124.745901639344,125,123,127,118,131,4.25151693960707,5
14,71,13,149.704225352113,150,147,152,144.5,156,4.01210442179015,5
15,87,13,151.781609195402,152,147,156,140.3,162.7,6.91379693642025,5
17,176,13,147.579545454545,148,144,151.25,137.75,156,5.88114972415446,5
18,69,13,132.753623188406,134,130,136,121.2,140,6.1222972358552,5
19,33,13,105.666666666667,105,103,109,98.6,113.4,4.70150685064551,5
20,128,13,130.4453125,131,127,134,120.35,138,5.58373424247172,5
2,117,14,109.974358974359,110,108,112,105,116,3.34112705138173,5
3,78,14,88.2051282051282,89,86,91,77.85,96,4.9788095754452,5
4,172,14,94.9186046511628,94,92,97,87.55,103,4.83460991315493,5
7,191,14,138.55497382199,138,135,142,130,147,5.57964947723285,5
8,37,14,132.918918918919,132,131,134,128,139.4,3.75927281959319,5
9,231,14,109.207792207792,109,106,112,102,117,4.81123050970375,5
10,69,14,147.304347826087,148,143,153,135.4,158.6,7.05921247862779,5
11,32,14,104.78125,104.5,103,108.25,97.1,111.45,4.49181603478177,5
12,120,14,124.583333333333,125,122,127,118,130.1,4.03885193216736,5
14,73,14,149.876712328767,149,147,153,142,159.4,5.52254270513002,5
15,92,14,152.717391304348,150.5,146.75,158,141,167.9,8.41025810968795,5
17,168,14,147.797619047619,147,144,151,139,159,5.88773161061855,5
18,69,14,131.971014492754,132,128,136,122.8,142,6.86202468512017,5
19,12,14,103.333333333333,103,97.75,107.25,96,112.45,6.06530121163647,5
20,138,14,130.202898550725,130,127,134,118,139.15,6.34317774824554,5
2,109,15,109.770642201835,110,108,112,105.4,115,3.08410809342121,5
3,86,15,87.8023255813954,88,85,90,79.25,94,4.58082902191773,5
4,165,15,94.2121212121212,94,91,98,86.2,101,5.12976474379493,5
7,208,15,138.206730769231,138,136,141.25,129,145,4.69767677030633,5
8,47,15,133,134,130,135.5,126.3,137.7,3.79931343912234,5
9,236,15,109.983050847458,109,106,113,103,121,5.94081884297637,5
10,85,15,146.317647058824,147,143,151,132.2,156,7.12342173782389,5
11,27,15,106,106,104,108,100,113.1,4.37651072817675,5
12,137,15,123.919708029197,125,122,127,114,130.2,4.40764441917573,5
14,73,15,149.082191780822,149,147,151,143.2,155.4,3.97126282971919,5
15,94,15,153.712765957447,152,147,158,143,167.35,9.63932619385384,5
17,141,15,149.007092198582,148,145,152,140,163,6.30702154507261,5
18,46,15,132.695652173913,133.5,130,136,122,141,6.34864662819264,5
19,4,15,103.5,103,100.75,105.75,100.15,107.55,3.69684550213647,5
20,140,15,129.921428571429,130,126,134,118,141,6.73983952282415,5
2,112,16,109.285714285714,109,107,111,105,113,2.77514246506656,5
3,82,16,89.2560975609756,90,86,93,82,94.95,4.64495206053683,5
4,175,16,94,95,91,97,87,102,4.43600731734521,5
7,210,16,138.761904761905,139,136,142,130.45,147,4.96403102428108,5
8,42,16,133.357142857143,134.5,130.25,136.75,126,140.9,5.21639735772959,5
9,230,16,110.426086956522,110,107,113,102,120,5.4844932166914,5
10,86,16,145.720930232558,145.5,142,150,134.5,155.75,6.52714001470367,5
11,29,16,106.655172413793,106,103,110,101.4,116.4,5.03044915680616,5
12,134,16,124.783582089552,125,122.25,127,119,131,4.2059069459002,5
14,72,16,149.097222222222,148,147,150.25,144,157.45,4.35133044968043,5
15,94,16,151.648936170213,152,147,154.75,142,162.35,6.60353024974693,5
17,130,16,147.415384615385,147,143,151,138.45,157,6.071645391317,5
18,39,16,131,132,128.5,134,118.6,141,6.32455532033676,5
19,2,16,105,105,104,106,103.2,106.8,2.82842712474619,5
20,157,16,129.496815286624,130,126,134,118.6,138,6.42872580171304,5
2,116,17,109.836206896552,110,108,112,105.75,116,3.13172813945117,5
3,64,17,89.015625,89,86.75,92,81,96.85,4.64447850200166,5
4,166,17,94.0602409638554,94,91,96.75,88,101.75,4.26784850371653,5
7,215,17,138.2,139,136,141.5,130,146,4.80186879508735,5
8,46,17,132.847826086957,133,130.25,135,125.75,139.75,4.11483706335634,5
9,217,17,110.571428571429,110,107,113,103,121.2,5.49037156248827,5
10,88,17,147.193181818182,148,142.75,151,137,156.3,6.29880111662466,5
11,30,17,105.8,107,102.25,110,97.35,112.55,5.25488278684199,5
12,129,17,125.108527131783,125,123,128,118.4,132.6,4.79133382733464,5
14,78,17,149.282051282051,150,146,152,142.85,157.15,4.50943436974066,5
15,109,17,151.623853211009,151,147,156,139.4,168,7.84076360466118,5
17,142,17,148.93661971831,149,144,153,139,161,6.99869773979001,5
18,35,17,132.8,134,130.5,137,124.7,138,4.93963561409139,5
20,156,17,130.692307692308,131,126,134,122,140.25,5.8954497320751,5
2,108,18,109.796296296296,110,108,111,105.35,114.3,2.70948234273516,5
3,70,18,88.4428571428571,89,86.25,91,80.35,95,4.71395004765216,5
4,174,18,94.3333333333333,94,92,97,87,101,4.47256677586229,5
7,204,18,138.519607843137,139,135,142,130,146,5.16473527742221,5
8,40,18,132.1,133,128.75,134.25,123.9,139.05,5.12310002304794,5
9,222,18,109.810810810811,109,107,112,103,119,5.14058206383243,5
10,74,18,147.391891891892,148,143,151.75,137,160,6.3198265269403,5
11,31,18,103.483870967742,105,99,108,94,109.5,5.79580864500049,5
12,129,18,124.294573643411,124,122,127,116,131.6,4.6794148618831,5
14,84,18,149.702380952381,149,146.75,152,144,159.25,4.66408932188529,5
15,110,18,152.018181818182,151,147,156.75,142,163.55,7.13433591565918,5
17,141,18,148.283687943262,147,144,152,139,160,6.73405655830841,5
18,36,18,133.361111111111,134,128,139.25,123,142,6.64681568348023,5
20,172,18,129.523255813953,130,126,133,117.1,138,6.33329038616287,5
2,112,19,110.107142857143,110,108,113,105,115.45,3.62761466525707,5
3,68,19,88.7352941176471,89,86,91.25,81.7,95.65,4.59921358319501,5
4,161,19,94.944099378882,95,92,98,89,103,4.70139400498002,5
7,222,19,137.914414414414,138,135,141,130,147,5.41632101762304,5
8,35,19,132.685714285714,133,131,135,125.7,138.3,3.83307148052184,5
9,222,19,110.216216216216,109,107,113,103,120,5.31863522351569,5
10,81,19,144.641975308642,144,140,150,135,155,6.93957607130167,5
11,28,19,103.25,103.5,100,107,95.05,109.95,4.82758278598675,5
12,136,19,123.838235294118,124,121,127,116,129.25,4.3311457525015,5
14,84,19,149.47619047619,149,147,151.25,144,156.7,3.75604313227024,5
15,114,19,154.070175438596,152,148,158,142,170.35,10.2557726444827,5
17,131,19,148.022900763359,147,144,152,138,159.5,7.17095171116934,5
18,32,19,133.21875,134.5,130,138,122.1,141,6.28225547641671,5
20,172,19,130.470930232558,130,127,134,122,140,5.84039905468034,5
2,105,20,109.466666666667,109,108,111,104.2,114.8,2.94848940028445,5
3,65,20,88.4307692307692,89,86,90,83,94,3.60974908567596,5
4,158,20,94.5443037974684,94,92,97,88.85,102,3.87971194792075,5
7,223,20,138.322869955157,139,135,142,129.1,145.9,5.49805590670761,5
8,36,20,131.527777777778,133,130,134,122.75,136.25,4.44320419202893,5
9,191,20,109.575916230366,109,107,112,103,118,4.71205018216715,5
10,88,20,147.068181818182,148,144,151.25,135,157.65,6.90459692706119,5
11,21,20,105.190476190476,104,103,108,99,114,5.03606044065247,5
12,140,20,124.121428571429,124.5,122,127,117,130,3.9990427939999,5
14,83,20,149.253012048193,149,147,151.5,143.1,155.9,3.65874619832471,5
15,130,20,151.592307692308,151,146.25,156,140.45,164.55,7.74666335159119,5
17,148,20,147.52027027027,147,144,150.25,137.35,161.3,6.74559023967207,5
18,30,20,134.2,135,128.25,139,125,143.55,7.35972263345429,5
20,179,20,130.508379888268,131,127,134,120,140,5.98816127458002,5
2,93,21,108.827956989247,109,107,110,104.6,113,2.97680765657053,5
3,70,21,87.8714285714286,88,86,90.75,81.45,94.55,4.56807265536343,5
4,176,21,93.4318181818182,94,91,96,87,101,4.78520446984053,5
7,233,21,138.37339055794,139,135,142,128.6,147,5.51350810684276,5
8,45,21,132.111111111111,133,129,135,125,139.6,4.73489090890085,5
9,173,21,107.838150289017,107,105,111,101,117,4.65899243529817,5
10,75,21,146.866666666667,148,143,151.5,136.7,158.3,7.47488286689991,5
11,22,21,104.909090909091,105.5,101.25,108,95.15,111.95,5.46773297593289,5
12,136,21,123.125,123,121,126,115.5,129.25,4.25908614785083,5
14,76,21,148.552631578947,148,146,152,142.75,156,4.19966581794982,5
15,127,21,150.456692913386,149,146,155,140.3,163.7,7.18989138879908,5
17,154,21,147.415584415584,147,143,151,139,157.35,6.22634220372808,5
18,35,21,132.257142857143,132,128.5,136,124.4,141.9,5.83268103595824,5
20,181,21,129.176795580111,129,126,133,121,138,5.6697749031531,5
2,87,22,107.35632183908,107,105.5,109,102,113.7,3.25639625143777,5
3,69,22,86.4492753623188,87,84,89,79,92.6,3.91654196170122,5
4,184,22,91.8315217391304,91,89,95,84.15,100,5.0471964700391,5
7,231,22,139.904761904762,140,136,144,129.5,149,5.98618146484223,5
8,44,22,130.886363636364,132,127.75,134,123,137,4.42096437491056,5
9,170,22,107.170588235294,106.5,104,110,101,115.55,4.88328445900432,5
10,65,22,145.984615384615,146,141,152,135,155,6.78576706168025,5
11,14,22,103.5,103.5,102,106,97.3,108.35,3.65323881592127,5
12,125,22,123.088,123,120,125,117,130,4.42320858580605,5
14,86,22,147.674418604651,147,145,149,142.25,155.75,4.76369076011476,5
15,140,22,150.371428571429,149,146,153,140.95,164,7.37421412190645,5
17,163,22,145.509202453988,145,142,149,137.1,154.9,5.71803309245528,5
18,26,22,131.076923076923,131.5,128,133.75,123,140,5.57797867993829,5
20,192,22,129.036458333333,129,126,133,118,138.45,6.45676105389965,5
2,102,23,106.343137254902,106,104,108,102,112,3.22580897226247,5
3,74,23,85.2972972972973,85,83,87,78.65,92,3.82754876933481,5
4,189,23,89.9259259259259,90,87,92,83,97,4.14816221994686,5
7,234,23,140.17094017094,141,137,143,131,149,5.28791739316341,5
8,39,23,129.769230769231,131,127.5,133,123.2,136.2,5.52249723481162,5
9,179,23,105.201117318436,105,102,108,98,115,5.1356649933929,5
10,50,23,143.1,144,138.25,148.75,130.45,152,7.1919739846525,5
11,14,23,103.357142857143,104,99.25,106,98.3,108.75,4.10641417329492,5
12,122,23,121.909836065574,122,119,124,114,129.95,4.55272890350075,5
14,74,23,145.527027027027,145,143,148,139,152.35,4.11886063835178,5
15,148,23,150,148.5,144,154,137,165.65,10.0013604516762,5
17,163,23,145.822085889571,145,142,149.5,136,157,6.72375578962408,5
18,19,23,127.684210526316,128,126.5,131,118,135.1,4.98946258048953,5
20,189,23,127.677248677249,128,125,132,118,138,6.36952191386724,5
2,116,24,93.5258620689655,93.5,92,96,88,98,3.30338747584842,5
3,71,24,75.9295774647887,77,74.5,79,68,82,5.44406346048341,5
4,156,24,76.1858974358974,77,73,79,68.75,82,4.36378717907409,5
7,231,24,145.645021645022,146,143,149,137,153,5.04195087109008,5
8,38,24,122.921052631579,123.5,119,126.75,113,133,5.72515350412578,5
9,185,24,89.1621621621622,89,86,92,81.2,98,5.15474408714878,5
10,49,24,140.081632653061,141,136,144,129.4,150.8,7.21640704313753,5
11,12,24,98.3333333333333,97,95,101.25,92.65,106.25,4.96044963748858,5
12,136,24,114.367647058824,114,112,117,108,121,4.00889533787867,5
14,61,24,133.295081967213,133,131,134,127,140,4.08796714882056,5
15,151,24,134.079470198675,133,129,137,123,149,8.0287177712741,5
17,171,24,135.327485380117,135,131,139,127,146,6.2127292566119,5
18,18,24,117.888888888889,117,115.25,122,107.65,125.45,6.38830631046601,5
20,202,24,121.222772277228,122,118,125,112,130.95,5.74281954756064,5
2,107,25,89.6635514018692,89,88,92,85,95,3.39239973290363,5
3,86,25,72.7674418604651,73,70.25,75,66,78,4.06324824741357,5
4,161,25,71.2484472049689,71,68,74,64,79,4.48055668402463,5
7,238,25,148.941176470588,149,146,152,141,157,5.04878164297401,5
8,34,25,120.852941176471,121,117.25,124.75,114.65,128,4.41850346899557,5
9,211,25,82.0805687203791,82,79,85,76,89.5,4.71150078796735,5
10,11,25,132.727272727273,132,128,136.5,121,147.5,9.40309426828115,5
11,9,25,95.8888888888889,96,93,101,87.4,102,5.71061389967061,5
12,145,25,111.172413793103,112,109,113,104,117,4.02310139414683,5
14,68,25,129.102941176471,128,126,131.25,124,136.65,4.23256637113234,5
15,133,25,129.593984962406,129,125,133,119.6,141,6.90963051459751,5
17,187,25,130.860962566845,130,127,135,122.3,140,5.90169696150802,5
18,20,25,111.75,112,107.75,115.25,102.9,120.15,5.7662812973354,5
20,184,25,117.836956521739,118,114,122,106,127,6.86525611367093,5
2,103,26,86.6699029126214,87,85,88,81,92,3.33251465293857,5
3,84,26,70.2619047619048,70,67,72.25,64,77.85,4.50734086012747,5
4,177,26,68.0621468926554,68,65,71,61,75,4.92230335967457,5
7,229,26,150.397379912664,151,147,153,143,158,4.97927213554051,5
8,34,26,118.911764705882,119,116,121,113,126.7,4.42011687120151,5
9,224,26,78.1383928571429,78,75,81,71,87,4.99538343888369,5
10,4,26,134.75,134,132.5,136.25,128.9,141.65,6.18465843842649,5
11,8,26,91.625,92,90.5,95,83.8,96.95,5.15301576055919,5
12,146,26,109.390410958904,109.5,107,112,102,116,4.3396699185954,5
14,69,26,124.202898550725,124,121,127,119,129.6,3.53794436055462,5
15,133,26,124.075187969925,123,121,127,114,138,6.92451076944919,5
17,186,26,128.5,128,124,132,119,139,6.11886758645262,5
18,19,26,108.263157894737,109,106,112.5,93.6,116.3,7.0066801876111,5
20,180,26,116.3,117,113,120,104.95,125,6.30411765763781,5
2,112,27,96.5357142857143,97,94.75,98,91.55,101.45,2.94370169436029,5
3,89,27,78.4606741573034,79,76,81,71,84,4.33289788545747,5
4,192,27,79.109375,79,77,81,71.55,86.45,4.54915165268892,5
7,230,27,145.05652173913,145,142,148,136,153,4.87407598113027,5
8,26,27,124.307692307692,125,122.25,126,119,131,3.83425852826051,5
9,208,27,92.1971153846154,92,89,95,85,100.65,5.08047235680548,5
11,5,27,98.8,99,97,102,93,103.6,4.65832587954085,5
12,136,27,116.419117647059,116,114,119,108.75,122.25,3.97874937927657,5
14,58,27,136.120689655172,135.5,134,138,129.85,145,4.33701969869963,5
15,136,27,138.058823529412,137,132,143.25,126.75,154.25,8.82065312596677,5
17,200,27,136.84,136,133,140.25,128,147.05,5.93976464349392,5
18,18,27,120.444444444444,120.5,115.5,124.5,112.7,130.15,6.09939459119386,5
20,184,27,122.29347826087,123,119,126,113,130,5.68679429605512,5
2,117,28,102.675213675214,103,101,105,97,108,3.43367968860657,5
3,91,28,83.6923076923077,84,81,86,77,89.5,4.25229952873163,5
4,190,28,86.6263157894737,86,84,90,80,93.55,4.20535588277705,5
7,226,28,141.969026548673,143,139,145,134,149,4.75010324371573,5
8,26,28,127.076923076923,128,125,129,119.75,132.75,3.82542104268879,5
9,199,28,100.065326633166,99,97,103,93,108.1,4.77903182883885,5
11,9,28,100.666666666667,101,97,104,94.8,106.2,4.33012701892219,5
12,138,28,120.36231884058,120,118,123,115,126,3.39587991883489,5
14,56,28,142.125,141,139.75,144.25,136,149,4.04098322868896,5
15,136,28,144.367647058824,143,139,149,133,159,7.92727016068178,5
17,208,28,143.240384615385,142,140,146,134,155,6.38157854914382,5
18,17,28,126.352941176471,127,122,130,120.4,132.2,4.42918130796466,5
20,186,28,125.865591397849,126,123,130,116.25,133.75,5.8159332801046,5
2,126,29,95.7857142857143,96,94,98,90,100,3.3837426447226,5
3,78,29,77.525641025641,77,75.25,80,70.85,83.15,3.95666250205627,5
4,185,29,78.5945945945946,78,76,81,71.2,87,4.65003190416509,5
7,229,29,144.991266375546,145,142,148,136,153,5.2815395701788,5
8,29,29,124.379310344828,125,121,129,113.2,132.2,6.3774927513172,5
9,218,29,91.7018348623853,91,89,94,85.85,100,4.83726856032179,5
11,16,29,100,100,98.75,101.25,94.5,104.5,3.3065591380366,5
12,145,29,115.406896551724,115,113,118,109.2,121,3.98172309106828,5
14,48,29,136.104166666667,135,134,138.25,130,143,4.03305271282154,5
15,120,29,136.383333333333,136,131,141.25,125,153.05,8.63176012833798,5
17,217,29,136.695852534562,136,133,139,127.8,148.2,6.11764534528979,5
18,11,29,118.545454545455,119,115.5,121.5,114.5,122.5,3.26691402897708,5
20,175,29,122.12,123,119,126,113,131,5.93280379917794,5
2,115,30,95.2695652173913,95,93,97,90,100,3.0271338396229,5
3,90,30,78.2888888888889,78,76,81,71.45,85,4.39929627785224,5
4,182,30,78.2307692307692,78,75,81,71,85,4.24284102430212,5
7,227,30,145.162995594714,145,143,148,138,152,4.81653180175587,5
8,29,30,122.48275862069,123,118,126,115.2,131.8,5.78557744775238,5
9,208,30,90.6490384615385,90,88,94,83.35,99.65,4.99438322571234,5
11,22,30,98.2727272727273,99,96.25,101.75,89.15,104,5.83243654207365,5
12,154,30,115.350649350649,116,114,118,109,120.35,3.74258738841213,5
14,49,30,135.30612244898,135,131,138,128,147,6.20552200877255,5
15,109,30,135.256880733945,135,130,140,125.4,148.8,7.31994190136422,5
17,224,30,137.5,137,133.75,141,129,149.7,6.30395989152067,5
18,15,30,119.133333333333,119,116,122,111.8,126.3,4.95503591837445,5
20,171,30,121.567251461988,122,118,125,112,131.5,5.87415906781915,5
2,115,31,89.1652173913044,89,87.5,91,85,94,3.06917451266111,5
3,92,31,72.695652173913,73,71,75,66,78,3.5230454184618,5
4,191,31,71.2303664921466,71,69,74,64,77.5,4.35881676022141,5
7,226,31,148.305309734513,149,146,151,138,156,5.37646460803156,5
8,32,31,119.59375,120,118,121,114.55,125,4.36155769007713,5
9,197,31,81.9238578680203,82,78,85,75,90,4.88221358921502,5
11,19,31,98.6315789473684,98,96,101.5,90.9,106.1,4.4498505132918,5
12,154,31,110.766233766234,111,108,113,104.65,117,3.8802200055411,5
14,55,31,127.872727272727,128,126,130,123,133,3.24924233592629,5
15,118,31,128.389830508475,128,123,132,116.7,142.3,7.69285815790814,5
17,217,31,131.373271889401,131,127,135,122,141.2,6.06933891732259,5
18,14,31,105.857142857143,103,98,114.75,95.65,116.35,8.42940953180856,5
20,163,31,118.116564417178,119,115,122,107,126.9,5.91127050540819,5
2,97,32,96.8865979381443,97,95,99,92,102,3.72177233950158,5
3,91,32,78.3296703296703,79,76,81,71,84,4.12863966042878,5
4,194,32,79.2680412371134,79,76,82,71.65,87,5.04593503644994,5
7,242,32,144.49173553719,145,141,148,135.05,151.95,5.16711733365207,5
8,39,32,124.307692307692,125,121,128,117,131.1,4.49651236868991,5
9,210,32,92.6142857142857,92,89,96,85,101,5.307644186259,5
11,11,32,99.0909090909091,98,96.5,102.5,94.5,103,3.41919714127587,5
12,158,32,115.930379746835,116,114,118,109,123,4.11942282860853,5
14,65,32,136.523076923077,136,133,139,129.2,144.6,4.87374244134991,5
15,107,32,138.439252336449,138,132,143,125.3,152,8.58385668928255,5
17,210,32,137.6,138,134,141,128,148,6.25777984691378,5
18,12,32,121.333333333333,120.5,119,124.75,113.75,128.45,5.15810630038395,5
20,161,32,122.27950310559,122,119,126,114,131,6.11679162237466,5
2,96,33,97.1458333333333,97,95,99,91.75,103,3.28626861402241,5
3,91,33,78.7142857142857,79,76.5,81.5,70.5,85,4.71000286455613,5
4,189,33,80.1481481481482,80,77,83,74.4,87,4.312186992558,5
7,253,33,143.905138339921,145,141,148,132.6,151.4,5.83493968364185,5
8,35,33,125.542857142857,126,123.5,129.5,113.8,132.9,6.19460323537331,5
9,194,33,93.1649484536082,92.5,90,96,86,101,4.93308679572099,5
11,11,33,98.5454545454545,97,95.5,101,90.5,107.5,5.90531347793894,5
12,145,33,116.510344827586,117,114,119,110,122.8,4.03305309181262,5
14,59,33,135.932203389831,136,133,138,130.9,143.2,3.88127426098103,5
15,116,33,139.120689655172,138,134.75,144,126.75,153.25,8.60551407899134,5
17,207,33,137.347826086957,137,134,141,127.3,147,5.9189331406095,5
18,12,33,118.25,120.5,113.5,123.25,106.95,125.35,7.16208451119187,5
20,188,33,121.648936170213,122,118,125.25,109,130,6.72247001780514,5
2,91,34,110.758241758242,111,109,112,106,116,3.26374243040327,5
3,93,34,88.6021505376344,89,87,91,81.6,95,4.3865897047663,5
4,189,34,95.5079365079365,95,92,99,89,104,4.93642459079729,5
7,249,34,137.730923694779,138,135,141,129,146,5.58474733290413,5
8,35,34,130.742857142857,131,128,134,122.1,137,5.04883712378613,5
9,187,34,110.326203208556,110,108,113,104,118,4.31869006690317,5
11,12,34,106.75,107.5,103.5,110,98.55,113.9,5.42929762743513,5
12,151,34,124.529801324503,124,122,127,117,131,4.26897012876231,5
14,66,34,150.106060606061,150,147,152.75,145,155,3.69252378932512,5
15,122,34,152.811475409836,152,147,157,141,168,8.40142841771969,5
17,206,34,148.242718446602,147.5,144,151.75,140,159,5.80154061862961,5
18,9,34,135.111111111111,134,131,141,121.6,146.8,9.31993085334388,5
20,190,34,130.226315789474,131,127,134,120,138.55,5.68264247583947,5
2,87,35,107.620689655172,107,106,109,102.6,112,2.94618941634525,5
3,97,35,87.6185567010309,88,85,91,79.8,95,4.4801490371626,5
4,196,35,92.1887755102041,92,89.75,95,85,100,4.34889629742492,5
7,241,35,139.145228215768,139,136,142,130,147,5.3197419315728,5
8,26,35,131.038461538462,131,129.25,133,122.75,138.75,4.50316128275032,5
9,196,35,106.239795918367,106,103,109,98,116.25,5.18366744335179,5
11,16,35,103.0625,103.5,100.5,107,95.5,109,4.62556302879264,5
12,162,35,123.549382716049,124,121,126,116.05,130,4.07698047615257,5
14,63,35,147,146,144.5,149,142,154,4.03212903019348,5
15,124,35,150.564516129032,150,145,154.25,139,166.85,8.35613978591125,5
17,202,35,146.222772277228,145,142,149,138,161.9,7.1810194981257,5
18,9,35,127.888888888889,128,128,129,119.6,134.2,5.3489355119604,5
20,177,35,128.785310734463,129,126,132,116.8,139,6.46135443860686,5
2,84,36,110.154761904762,110,108,112,106,114,3.02397666697127,5
3,92,36,89.1413043478261,89,87,92,81,96,4.0804587162384,5
4,210,36,94.5761904761905,95,92,97,87,102,4.59731612591862,5
7,249,36,138.044176706827,139,135,141,130,145,4.76229904166015,5
8,30,36,131.9,132,129.25,134.75,125.45,138.65,4.45939535100351,5
9,185,36,111.021621621622,110,108,114,104,121,5.766240539966,5
11,18,36,106.611111111111,107,105,109,99.85,113.15,4.0020419624588,5
12,167,36,124.802395209581,125,122,127.5,118,131,4.24014025819118,5
14,64,36,149.90625,150,148,153,144,155,3.43981704016962,5
15,125,36,154.04,153,148,159,142,169.6,8.98870258677794,5
17,205,36,148.482926829268,148,144,151,139.2,158,6.3974528647255,5
18,7,36,132.714285714286,132,130,136,127.9,137.7,4.07080195679286,5
20,162,36,129.864197530864,130,126,134,119.05,139,6.14878281429627,5
2,83,37,115.313253012048,115,114,117.5,110.1,121,3.43556616856943,5
3,97,37,93.4639175257732,93,91,97,86.8,101,4.35904676045048,5
4,221,37,100.846153846154,101,98,104,93,109,4.58890422192945,5
7,244,37,135.508196721311,136,133,139,127,142.85,5.13239674258347,5
8,30,37,135.666666666667,137,133.25,138,126,143.65,5.24787860807179,5
9,190,37,117.947368421053,117,115,121,111,127,5.29923309027158,5
11,10,37,107.5,108,105.25,108.75,102,113.65,4.06201920231798,5
12,176,37,128.448863636364,128,126,131,121.75,135.25,4.15523062638424,5
14,60,37,155.683333333333,155,154,158,149,163.1,4.15990411666988,5
15,116,37,158.51724137931,158,154,162.25,148,171,7.28128364055905,5
17,214,37,152.92523364486,153,149,156,143,162.35,5.66133568834597,5
18,7,37,139.428571428571,144,133,148,121,152,12.5811650607451,5
20,146,37,133.541095890411,134,130,137,124,142,5.90981266093041,5
2,80,38,118.4,118,117,121,113.9,123.05,3.12847275394111,5
3,103,38,96.2038834951456,96,94,98,91.1,102.9,3.74783394514901,5
4,216,38,104.324074074074,104,101,107,98,111,4.37291601651698,5
7,232,38,133.887931034483,134,131,137,125,142,4.99917144948744,5
8,44,38,137.977272727273,138,136,141,129.3,145.85,5.20951114237168,5
9,176,38,122.659090909091,122,119,126,115,131.25,5.2761162418395,5
11,18,38,108.277777777778,109,106,111.5,103.7,112.3,3.426635385529,5
12,171,38,130.052631578947,130,127,133,123.5,136,3.86426030954672,5
14,57,38,159.315789473684,158,156,162,154,165.4,4.42459802345625,5
15,123,38,161.276422764228,161,157,165,151,172.8,6.71101469570995,5
17,230,38,155.286956521739,154,152,158,147.45,165,5.51578159393461,5
18,7,38,144.142857142857,146,143.5,146,138.8,146.7,3.4364987719369,5
20,142,38,134.908450704225,135,132,138.75,126,143,6.48610618701112,5
2,67,39,121.835820895522,122,120,124,118,126,2.95725617568848,5
3,113,39,98.4690265486726,99,96,101,92,104,3.98450300821861,5
4,221,39,108.542986425339,109,106,112,101,115,4.29208660261653,5
7,236,39,132.199152542373,133,129.75,136,121.75,140,5.56112640913097,5
8,36,39,139.305555555556,139,138,141,133.5,145,3.59220938336955,5
9,179,39,126.63687150838,126,123,129,118.9,136,5.16981116298509,5
11,18,39,111.444444444444,111,110,114.75,104.7,117.45,4.25955289316534,5
12,161,39,132.590062111801,133,130,135,125,139,4.31924769156829,5
14,46,39,160.652173913043,161,158.25,162.75,155.25,167.75,3.80769624899856,5
15,137,39,166.386861313869,165,162,172,155.8,179,7.44217727390399,5
17,233,39,157.459227467811,157,153,161,148,168.4,6.17763717976052,5
18,11,39,145.727272727273,147,142,148.5,138,153.5,5.95131765394705,5
20,140,39,136.692857142857,137,133,141,124,145.05,6.10212420682832,5
2,69,40,123.086956521739,123,121,125,117.4,128,3.79527233167941,5
3,121,40,98.5289256198347,99,96,102,91,106,4.79596076604276,5
4,231,40,109.722943722944,110,107,113,102,117,4.76137922942338,5
7,235,40,131.136170212766,132,128,135,120.7,139,6.18367113362706,5
8,33,40,137.424242424242,139,134,143,125.2,145.4,6.70834509692174,5
9,170,40,129.064705882353,129,126,132,122,137.55,5.2207416526876,5
11,16,40,110.875,110.5,109.5,114.25,104,116.25,3.91365132154957,5
12,167,40,133.449101796407,134,131,136,127,139,3.87089647882968,5
14,43,40,163.279069767442,163,162,165,158.1,167.9,3.45946308382528,5
15,136,40,169.198529411765,168,163,174,157.75,186,8.96975977459505,5
17,238,40,159.13025210084,158,155,163,149.85,171,6.9016484867683,5
18,13,40,147.384615384615,145,143,151,142.6,155.2,5.15652437109955,5
20,124,40,137.306451612903,138,133,141,129,147,5.85068604045552,5
2,59,41,129.033898305085,129,127,131,123,134,3.2640471054691,5
3,111,41,103.90990990991,105,101,107,95,110,4.75881870282484,5
4,268,41,117.179104477612,117,114.75,120,110,124.65,4.57865221696025,5
7,235,41,128.446808510638,129,126,132,117,136.3,5.71401228140647,5
8,29,41,143.793103448276,144,141,147,139,151,4.32913147297987,5
9,164,41,136.30487804878,136,133,139,130,146,4.98017917826391,5
11,20,41,111.55,111,109,114,106,119,3.80408367830927,5
12,170,41,137.105882352941,138,134,140,130,143,4.04859104547902,5
14,44,41,169.363636363636,169,167,172.25,162,176,4.87561998009226,5
15,127,41,175.669291338583,174,170,180,164,191.1,9.3163579624384,5
17,239,41,163.539748953975,163,159,167,155,174.1,6.39109556005224,5
18,12,41,150.5,152.5,148.75,156.25,135.1,158.45,8.01702733391419,5
20,120,41,140.641666666667,141,137,144,131,150,5.57122835954277,5
2,58,42,130.344827586207,130,128.25,132,125,136,3.27431109206909,5
3,115,42,105.565217391304,106,103,108,98.7,113,4.18462187770221,5
4,259,42,118.988416988417,119,116,122,112,125.1,4.56773536876756,5
7,233,42,127.798283261803,128,125,132,118,136,5.89034837141729,5
8,30,42,144.333333333333,144.5,140.25,147.5,136,153.1,5.38409748677775,5
9,166,42,138.71686746988,138,135,141,132,148,4.90744194987778,5
11,20,42,113.9,115,110.25,119,105.85,120.05,5.42799759531421,5
12,167,42,138.347305389222,138,136,141,131,144,4.30316238954027,5
14,43,42,171.790697674419,171,169,174,165.1,179.8,4.27371890877078,5
15,128,42,176.9375,175,171,181,166,191.65,8.34752073146301,5
17,228,42,165.482456140351,165,162,168,157,176.65,6.02744451097392,5
18,17,42,153.235294117647,154,151,159,141.8,160.2,7.35297058817647,5
20,131,42,141.312977099237,142,137,146,129,153,7.10696729594455,5
2,66,43,133.454545454545,133,132,135,129,139,2.93090596747999,5
3,113,43,107.194690265487,107,105,109,101,113,3.92987278756224,5
4,252,43,121.357142857143,121,119,124,115,128.45,4.15336331952463,5
7,244,43,126.352459016393,126,124,130,116,135,5.62098087766895,5
8,34,43,146.088235294118,147,144,148,139.65,152,3.74463371238479,5
9,137,43,142.116788321168,141,139,145,134.8,152.2,5.39752897361738,5
11,20,43,115.2,114.5,111.75,117,108.9,127.2,5.81830143417711,5
12,181,43,139.60773480663,140,137,142,131,147,4.40274483278501,5
14,39,43,173.205128205128,173,171,175,168,179.2,3.41189472888975,5
15,146,43,180.239726027397,179.5,175,184,169.25,194.75,7.85322669859936,5
17,218,43,166.573394495413,166,163,170,158,178,6.2664808283987,5
18,21,43,155.142857142857,157,152,161,139,163,7.71547609863263,5
20,124,43,143.540322580645,144,140,147.25,130.3,154,6.49252126799912,5
2,68,44,134.647058823529,134.5,132.75,137,130,139,3.42843555063331,5
3,111,44,108.153153153153,108,106,111,102,114.5,4.30475043769977,5
4,229,44,122.353711790393,122,120,125,116,130,4.36912479943777,5
7,245,44,126.040816326531,126,123,129,118,134,4.93797256992905,5
8,25,44,145.2,145,141,150,139,152,5.00832640043891,5
9,148,44,142.648648648649,142,139,145,135.35,154,5.2266518267328,5
11,16,44,112.6875,114.5,109.25,118,100.75,121,7.48080877980449,5
12,191,44,139.79057591623,140,137,142,133,146.5,4.01026514194262,5
14,43,44,174.976744186047,174,172.5,177.5,168.2,181.9,4.52236964903632,5
15,141,44,180.475177304965,180,176,184,170,192,6.97094127717104,5
17,217,44,167.649769585253,167,164,170,161,176,4.92601864276674,5
18,24,44,158.25,159,155,162,150.45,163.85,4.5132654716282,5
20,137,44,143.350364963504,145,140,148,131,151.2,6.1913022968135,5
2,68,45,129.058823529412,129.5,127,131.25,123.35,134,3.30030461254071,5
3,128,45,103.796875,104,102,107,96,111,4.71946776493409,5
4,197,45,116.746192893401,117,114,120,110.8,123.2,4.244630247995,5
7,251,45,129.278884462151,130,126,132,120.5,138,5.56074746330002,5
8,23,45,143.260869565217,144,141.5,145.5,134.1,150,5.60208882556196,5
9,151,45,136.443708609272,136,133,140,128.5,145.5,5.17253743223369,5
11,10,45,113.1,114,112,116,104.7,118.55,5.04314716554389,5
12,192,45,137.828125,138,136,140,132,143,3.71027166629296,5
14,45,45,169.488888888889,169,167,172,163.4,177.8,5.22503685164135,5
15,131,45,176.740458015267,175,171,182,166,193,8.1689729947288,5
17,217,45,163.995391705069,163,160,167,155,175.2,6.69334778651365,5
18,25,45,155.12,155,152,158,146,163.6,5.33322916564939,5
20,155,45,141.193548387097,141,136.5,145.5,130.7,152,6.62648833974673,5
2,69,46,130.260869565217,130,128,132,125.4,135,3.02271875047965,5
3,138,46,104.31884057971,105,102,107,95.85,112,4.74762408077513,5
4,192,46,117.161458333333,117,114,120,109,124,4.77997283156569,5
7,262,46,128.141221374046,129,125,131.75,118,136,5.40106943048794,5
8,27,46,143.333333333333,144,140.5,146,137,149,3.9807227793648,5
9,141,46,136.971631205674,136,134,139,129,147,5.34648517707975,5
11,9,46,113.777777777778,115,109,117,107.8,120,4.79003595439997,5
12,190,46,137.805263157895,138,135,140,131.45,144,3.91969301305917,5
14,43,46,170,170,167,172.5,165,176,3.73528860362636,5
15,133,46,177.548872180451,176,173,182,167.6,191.8,8.08989845744186,5
17,207,46,165.231884057971,165,160.5,170,156,177,6.54442235104232,5
18,21,46,153.571428571429,153,152,156,148,162,5.7582239325284,5
20,157,46,141.076433121019,142,137,146,131,150,6.55796775243466,5
2,81,47,124.086419753086,124,122,126,119,130,3.29088715570816,5
3,138,47,100.413043478261,101,98,103.75,92,106.3,4.50746058092656,5
4,169,47,110.633136094675,111,108,114,103,119,4.80281070849207,5
7,278,47,131.643884892086,132,129,135,120.85,140.15,5.69239932927113,5
8,31,47,140.870967741935,141,139,144,135.5,147,4.20905322278753,5
9,129,47,129.054263565891,129,126,132,121.4,139,5.9912828310171,5
11,14,47,110.285714285714,110,108.25,111,107,114.7,2.6436737675082,5
12,192,47,133.203125,134,131,135.25,127,139,3.79106011296375,5
14,39,47,164.205128205128,163,161,166.5,159.7,173.3,4.9427218539218,5
15,132,47,168.530303030303,167,164,173.25,158,182,8.11975199292168,5
17,214,47,159.070093457944,158,156,162.75,151,169,6.16820128023382,5
18,20,47,148.15,147.5,142,151.25,141.95,162,6.59565247560447,5
20,158,47,137.911392405063,138.5,134,142,126.85,147,6.21727585586866,5
2,100,48,129.07,129,127,131,123,135.05,3.56825226720649,5
3,144,48,104.013888888889,104.5,101,107,96,111.85,4.68890389492254,5
4,164,48,117.103658536585,117,114,120,111,124,4.50986499116278,5
7,275,48,128.250909090909,129,125.5,131,120,135.3,4.95147521803059,5
8,34,48,142.470588235294,143,139,146.75,135.65,148,4.81308377249654,5
9,122,48,136.672131147541,136,133,140,131,144,5.07211241459557,5
11,13,48,113.615384615385,114,112,115,109.4,116.4,2.63117405792109,5
12,193,48,137.139896373057,137,135,140,130.6,143.4,4.10615822952212,5
14,43,48,168.744186046512,168,166.5,171,163.1,175.9,4.00055367153701,5
15,129,48,175.953488372093,175,172,179,164,188.2,7.97639140009076,5
17,212,48,163.754716981132,163,160,167,155,175,6.08830955107104,5
18,20,48,151.25,150.5,147.75,154.5,142.7,160.35,6.73463162748303,5
20,150,48,140.853333333333,141,138,144,130.45,150,5.84404322052044,5
2,110,49,125.7,126,124,128,121,130.55,3.0486874901905,5
3,149,49,100.939597315436,101,99,104,95,107,3.94596644538456,5
4,162,49,113.524691358025,113,110,116,108,121,4.27501860412784,5
7,283,49,130.204946996466,130,127,134,121.1,138,5.14957585329237,5
8,32,49,142.875,142,140.75,145.25,137,149.9,4.47754252875103,5
9,114,49,131.008771929825,130,128,134,123.65,141,5.3372884535145,5
11,11,49,108.181818181818,108,105,113.5,98,115.5,6.49335324494489,5
12,188,49,134.489361702128,134,132,137,127.35,142,4.26838816865471,5
14,39,49,166.794871794872,166,164.5,169,162,173,3.62868315377622,5
15,136,49,170.411764705882,170,166,174,161,182.5,7.00631523406144,5
17,196,49,161.265306122449,161,157,165,151,173,6.53989887855354,5
18,22,49,150.272727272727,151,146.5,152.75,142.05,159.8,5.9376267359452,5
20,154,49,139.285714285714,139.5,136,143,130,147,5.17246895663727,5
2,112,50,122.1875,122,120,124,115.55,129,3.94678852228488,5
3,145,50,99.0275862068966,99,97,101,92.4,106,3.91568219468951,5
4,168,50,108.85119047619,109,106,111.25,101,116,4.97134288409943,5
7,289,50,132.034602076125,132,129,135,123,139,4.96992831215022,5
8,26,50,141.115384615385,141,140,142,137.5,145.5,2.51915736827889,5
9,110,50,126.327272727273,126,123,129,119,133.55,5.01028133933109,5
11,15,50,109.4,109,106,113,102.7,115.2,4.62601340248815,5
12,182,50,132.791208791209,133,131,135,126,138,3.64749663192748,5
14,36,50,161.777777777778,161.5,160,163.25,156.75,168.5,3.67315443346227,5
15,167,50,167.419161676647,167,162,172,156,181,7.79892589246191,5
17,184,50,158.95652173913,158,155,162,150,170,6.15272482793339,5
18,17,50,144.294117647059,144,141,147,134.6,156,7.48969880804923,5
20,141,50,136.418439716312,137,134,141,123,146,6.99199136601379,5
2,97,51,125.536082474227,125,124,127,121,130,3.03816644153352,5
3,146,51,100.897260273973,102,98,104,93.25,107.75,4.59944442230355,5
4,167,51,113.329341317365,113,111,116,107,121.7,5.11252079121758,5
7,315,51,129.984126984127,130,127,133,122,138.3,5.08178984308692,5
8,31,51,141.645161290323,142,139,144,136,147,3.97113239178931,5
9,105,51,131.542857142857,131,128,135,123,142,5.9258698995113,5
11,14,51,112.285714285714,112,110.25,115,106.3,119,4.23226746698362,5
12,195,51,135.051282051282,135,133,138,128.7,141,3.93863180721688,5
14,39,51,165.794871794872,165,164,167.5,159.9,172.5,4.22510969760728,5
15,157,51,172.191082802548,171,167,177,161,186,7.67123645130417,5
17,177,51,160.858757062147,160,157,164,152,172.2,6.52158519428579,5
18,16,51,149.5,148,145,153.5,141,158.75,6.49101943714031,5
20,140,51,138.414285714286,139,135,142,128.9,149,6.01794165710201,5
2,103,52,126.941747572816,127,125,129,122,132,3.07687530165431,5
3,137,52,101.532846715328,102,99,104,94.8,107.2,4.00376861970751,5
4,143,52,114.13986013986,114,111,117,107,122,4.72422793245269,5
7,296,52,129.172297297297,130,126,132.25,119.75,137.25,5.4648996572542,5
8,36,52,142.722222222222,143,139.75,145,137.5,149.25,3.62224169826296,5
9,119,52,132.579831932773,132,129.5,136,126.8,142,4.83191332829884,5
11,11,52,111,112,108.5,115,99.5,120,7.01427116670007,5
12,206,52,135.757281553398,136,134,138,129,142,4.13070836520684,5
14,42,52,166.785714285714,166,164,169,160.15,173,4.17037001508472,5
15,135,52,171.57037037037,171,167,176,160.7,183.3,7.49182712977276,5
17,202,52,162.138613861386,161,158,166,153,172.95,6.03477435797294,5
18,14,52,149.857142857143,150.5,148.25,154.75,138.5,157.35,6.7579826627722,5
20,151,52,139.867549668874,140,137,144,131,147,5.57694718962354,5
2,92,53,126.304347826087,126,124,128,121.55,132,3.46961419280563,5
3,146,53,101.739726027397,102,99,105,94.25,108,4.37241319705728,5
4,144,53,112.277777777778,112,109.75,115,106,119,4.29252797612275,5
7,300,53,130.3,130.5,127,133,121,139,5.25439774400206,5
8,39,53,141.589743589744,142,138,145,133.9,147.1,4.3208061426078,5
9,119,53,132.487394957983,132,129,135,125,144,5.52017186268088,5
11,15,53,111.866666666667,113,109.5,114.5,102.7,119.3,5.01236566142271,5
12,198,53,135.161616161616,135,133,138,128,142,4.21071167455514,5
14,39,53,166.641025641026,167,164,170,160.8,171.2,4.04245352469577,5
15,144,53,171.916666666667,171,168,175,160,186,8.20668327338459,5
17,195,53,161.805128205128,161,158,165.5,153,172,6.15294534776239,5
18,17,53,153.588235294118,155,149,157,141.6,162.4,8.22388916153279,5
20,149,53,139.06711409396,140,136,143,128.8,147.6,6.16404617632944,5
2,94,54,131.765957446808,132,130,134,126.65,136,2.97091829659644,5
3,152,54,105.513157894737,106,103,108.25,97.55,112,4.4869004952611,5
4,136,54,120.360294117647,121,117,123,113,128,4.3997858434712,5
7,312,54,127.352564102564,128,125,131,118,134,5.1794852407572,5
8,32,54,145.09375,146,142.5,149,135.55,152.35,6.18196844629344,5
9,121,54,139.727272727273,139,137,142,134,146,4.77493455452533,5
11,16,54,113.25,114.5,110.5,117,105.75,118.75,4.611579628139,5
12,197,54,138.868020304569,139,137,141,132,145,3.90745528126629,5
14,31,54,173.774193548387,174,171,175.5,168.5,179,4.72376740479711,5
15,127,54,178.322834645669,178,174,182,168.3,191,7.2886973706781,5
17,193,54,166.678756476684,167,163,170,156.2,177.4,6.59548571213138,5
18,19,54,155.210526315789,156,153,159,147.8,161,4.4294337156047,5
20,160,54,143.05625,142,139,147,134,152,5.76177697410886,5
2,92,55,131.510869565217,131,130,133,127,136,2.92955596236801,5
3,133,55,105.225563909774,106,103,108,97.6,111,4.33557612360066,5
4,137,55,120.313868613139,120,118,123,112.8,127,4.55481617246662,5
7,313,55,127.047923322684,127,124,130,118,135,5.29764133236759,5
8,27,55,143.888888888889,145,140.5,147,135.9,149,4.51777117727939,5
9,119,55,139.747899159664,139,136,142.5,133,149.1,5.86026332403529,5
11,17,55,111.823529411765,113,109,115,103.6,117.2,4.44740505966186,5
12,195,55,138.615384615385,139,136,141,132,144.3,3.91544249461387,5
14,38,55,171.526315789474,172,169.25,174,164.85,177.15,3.6961400033831,5
15,132,55,177.681818181818,176,173,183,164.55,191,7.84225993855018,5
17,207,55,165.811594202899,166,162,169,156,176,6.05061666355477,5
18,26,55,157.884615384615,158,155.25,163,148.25,166,6.13401612698841,5
20,158,55,142.803797468354,143,140,146,132.85,152.15,5.7267490146846,5
2,101,56,133.534653465347,133,132,135,130,138,3.29412919126024,5
3,128,56,107.0078125,107.5,104,110,99.35,113,4.35889188719472,5
4,130,56,121.815384615385,122,120,125,112.45,129.55,4.9033837634377,5
7,293,56,126.911262798635,127,124,130,119,135,4.87434324089055,5
8,27,56,145.037037037037,145,142.5,148,137.9,152.8,4.57822170281365,5
9,111,56,140.36036036036,139,137,143,133,150,5.21500072830605,5
11,18,56,115.277777777778,116.5,112.25,119,106.55,121.3,5.37757386314635,5
12,198,56,139.934343434343,140,137,142,134,147,4.11518573428309,5
14,44,56,174.272727272727,173,172,177,169.15,181,3.83595981963361,5
15,137,56,180.036496350365,180,175,186,168,193.2,8.54951732308364,5
17,216,56,167.416666666667,166,163,170,158,180.25,6.803726748953,5
18,29,56,157.413793103448,159,154,161,150,162.6,4.6867384438839,5
20,162,56,142.962962962963,144,139,147,131,152.95,6.62283729039279,5
2,104,57,125.336538461538,125,124,127,120.15,130,3.20076015523217,5
3,130,57,100.315384615385,100,98,103.75,93,106,4.5410011794085,5
4,125,57,111.728,112,109,114,103,118.8,5.05035291005778,5
7,261,57,130.578544061303,131,128,134,121,139,5.64788586952379,5
8,28,57,140.535714285714,141,138,143.25,132.4,147.95,4.69422137161364,5
9,130,57,130.615384615385,130,127,134,123,139,4.97495216818518,5
11,18,57,112,112.5,108,115.75,104.4,120.75,6.09725106816468,5
12,206,57,134.873786407767,135,133,137,128,140.75,3.72514098381226,5
14,48,57,165.9375,165,163,169,159.35,174.3,4.56352910282606,5
15,138,57,169.579710144928,169,164,173,158.7,184.15,8.25400729414029,5
17,221,57,161.226244343891,160,157,164,153,174,6.18013231058918,5
18,23,57,148.869565217391,150,144.5,153.5,141.1,154.9,5.24234808446894,5
20,167,57,139.281437125749,140,136,143,130.3,148,5.28795656839348,5
2,89,58,126.573033707865,127,125,128,122,131,2.87973973117457,5
3,152,58,101.526315789474,102,99,104,92,108.45,4.86907713684198,5
4,129,58,113.860465116279,114,111,116,107,121,4.18468970259167,5
7,257,58,129.941634241245,130,127,133,121,138,5.18415724890005,5
8,26,58,142.153846153846,143,141,144,134.5,148,4.67069423270081,5
9,132,58,132.310606060606,132,129,135,124.55,142.45,5.35621573110446,5
11,16,58,112,112.5,110,114.25,105,117.25,3.8815804341359,5
12,191,58,135.303664921466,135,133,138,128,142,4.27008408308374,5
14,54,58,166.388888888889,166.5,163,168,161,173.05,4.59046043921796,5
15,137,58,172.970802919708,171,167,178,160,188.2,9.66341007116643,5
17,205,58,162.443902439024,162,159,166,153.2,173,6.36188284423476,5
18,20,58,149.5,151.5,148.25,154,135.45,159.1,8.42614977317636,5
20,186,58,139.462365591398,139.5,136,143,130,147,5.57806348221015,5
2,81,59,113.901234567901,114,112,115,110,119,3.19219727723556,5
3,154,59,91.2207792207792,91,88.25,94,84,98.35,4.5088826684954,5
4,148,59,98.6081081081081,99,96,102,91,105.65,4.64030719006459,5
7,251,59,135.852589641434,136,133,139,127,144,5.09805681283882,5
8,22,59,134.590909090909,136,132.25,138,126.1,140,5.52620674956711,5
9,132,59,114.439393939394,114,111,118,107,123,5.17518679938344,5
11,28,59,107.357142857143,108,105,110.25,100.35,113,4.31375307690016,5
12,203,59,126.783251231527,127,124,130,120,134,4.44797375950928,5
14,51,59,152.078431372549,152,150,154.5,144.5,158.5,3.81493453288468,5
15,132,59,155.287878787879,154,150,159.25,144,170.45,8.47945906296284,5
17,217,59,151.36866359447,150,147,155,143,162,5.64641270600127,5
18,16,59,137.625,140,132.5,143.25,124,147.25,7.60591874792257,5
20,160,59,131.66875,132,128,135,120,142,6.69245503552439,5
2,79,60,111.658227848101,112,110,114,106,117,3.19810070217713,5
3,145,60,90.0344827586207,90,87,93,82,97,4.66430564247636,5
4,139,60,95.6187050359712,96,93,98,89,103,4.21590446818112,5
7,247,60,137.449392712551,138,134,141,129,145,5.28885828770505,5
8,21,60,132,134,129,136,123,138,5.44058820349418,5
9,122,60,111.918032786885,112,110,115,104,118.95,4.55742091037113,5
11,27,60,106.481481481481,106,104.5,108.5,99.6,113.4,4.71797194345825,5
12,216,60,125.555555555556,126,124,128,119,131.25,3.78941815091455,5
14,53,60,150.77358490566,150,148,153,146,157.4,3.95475132658836,5
15,148,60,153.101351351351,153,148,157,143,166,7.2042503184733,5
17,221,60,149.244343891403,148,145,152,140,160,6.67723589718498,5
18,11,60,135.181818181818,136,131,140.5,123.5,143.5,7.41374644586908,5
20,169,60,131.597633136095,131,128,135,123,141,5.87095304041047,5
2,74,61,114.72972972973,115,113,116,111,118.35,2.51187479672983,5
3,149,61,91.7315436241611,92,89,94,84,98,4.32877061456911,5
4,121,61,99.7685950413223,100,97,102,94,106,3.95550319297582,5
7,240,61,136.4125,136,133,140,128,144.05,5.02219446442426,5
8,16,61,133.9375,133,130.75,138.25,124.75,141.75,5.63877941875131,5
9,126,61,116.309523809524,116,113,119,108.25,125.75,5.5041283207633,5
11,25,61,107.72,107,104,111,98.8,117,5.71926568713152,5
12,231,61,127.480519480519,128,125,130,121,133,3.76578552210982,5
14,51,61,154.411764705882,155,151.5,156,147,161.5,4.69116817259085,5
15,158,61,157.525316455696,157,153,162,146.85,171.15,7.5136388659223,5
17,214,61,151.088785046729,151,147.25,154,143,160,5.53321726960357,5
18,12,61,138.5,136,134,141,132.55,149.9,6.37466576663935,5
20,180,61,132.005555555556,132,129,136,122.95,139.05,5.49910833018081,5
2,78,62,115.294871794872,115,113,117,111.85,120,2.86541841807138,5
3,152,62,92.5197368421053,93,90,95,83,99,4.68189466761413,5
4,132,62,100.318181818182,101,97,104,94,106,4.16330421810505,5
7,230,62,135.682608695652,136,133,138.75,127.45,143,4.86311778207864,5
8,16,62,136.25,137,131.75,141,129.25,143.75,5.48330800399418,5
9,132,62,117.090909090909,116,114,119,110,127,5.11763087103109,5
11,27,62,106.703703703704,106,103,111,95.3,116.1,7.43595638055034,5
12,245,62,128.024489795918,128,126,131,122,134,3.97731943940277,5
14,44,62,152.909090909091,153,150,155,146.15,159.85,3.9047864594455,5
15,137,62,158.722627737226,157,154,163,146.8,174,8.38129037430052,5
17,205,62,152.439024390244,152,149,156,143,163.8,6.0708592782944,5
18,16,62,138.5,137,134,141.5,126.75,151.5,7.80598061317944,5
20,181,62,132.469613259669,133,130,136,122,141,6.35307575244209,5
2,99,63,102.080808080808,102,100,104,97,108,3.61594193468812,5
3,160,63,82.575,82,80,85,75.95,90,4.38486533717482,5
4,112,63,85.875,85,82,89,78,95,5.05309645502476,5
7,205,63,142.546341463415,142,139,146,134,151,5.24816016132412,5
8,18,63,126.555555555556,126,124.25,130,120.25,131.3,4.17587218395535,5
9,136,63,100.477941176471,99,97,103,92,112.25,6.19314664443505,5
11,29,63,101.724137931034,102,97,106,94,109,5.39772803874886,5
12,245,63,119.408163265306,120,117,122,113,126,4.21316422183143,5
14,49,63,142.530612244898,142,139,145,138,150.2,4.43988570055735,5
15,137,63,143.043795620438,142,138,148,131.8,158.4,8.48170055536406,5
17,204,63,142.852941176471,142,139,146,134,155,6.47906375712854,5
18,21,63,122.52380952381,124,119,127,105,131,7.1527550469665,5
20,183,63,124.497267759563,125,121,129,114,133,5.78732445625583,5
2,100,64,107.94,108,106,110,103.95,114,3.03121804367202,5
3,164,64,86.030487804878,86,83,89,78.15,93,4.4864127258969,5
4,118,64,92.0169491525424,92,89,95,86,100,4.27071732970153,5
7,221,64,139.280542986425,140,136,143,130,147,5.35494942461544,5
8,17,64,132.764705882353,133,131,135,127,138.2,4.05477206148363,5
9,117,64,106.820512820513,106,103,111,98,116.2,5.52988025158023,5
11,26,64,104.961538461538,105.5,104,108.75,96.25,111.75,4.95968361273797,5
12,262,64,122.736641221374,123,120,126,116,129,4.39907176044485,5
14,40,64,147.275,147,145,148,143,154,3.25802756123143,5
15,133,64,148.887218045113,148,144,154,137,161,7.64521452157387,5
17,211,64,147.0663507109,146,142.5,150,138,159.5,7.40433305894898,5
18,17,64,130.941176470588,129,127,135,123.2,138.4,5.7496802980176,5
20,168,64,128.291666666667,128.5,125,132,118.35,139.65,6.01331274255053,5
2,103,65,105.165048543689,105,103,107,101,110,2.94424359399111,5
3,156,65,84.4551282051282,85,81,88,76.75,92.25,4.62160836229393,5
4,111,65,88.7387387387387,88,86,91,83,94.5,3.88168593107243,5
7,226,65,140.721238938053,141,138,144,130,149,5.65506186353718,5
8,18,65,128.333333333333,128,126,130.75,122,135,4.18681403512335,5
9,122,65,103.377049180328,103,100,106,96,112.95,5.33246391323852,5
11,22,65,104.818181818182,105,102.5,107.75,99.05,108,3.41755083058814,5
12,259,65,121.173745173745,121,119,124,114,128,4.30844738450459,5
14,36,65,143.722222222222,143.5,142.75,145,139,148.75,3.76913109434379,5
15,155,65,147.051612903226,146,142,151,137,161,8.33611572038971,5
17,206,65,144.645631067961,144,140,148,136,158.75,6.51344990000004,5
18,15,65,126.133333333333,126,122.5,129.5,118.7,132.9,4.96943035923013,5
20,169,65,127.266272189349,128,124,131,117,135,5.63208165413156,5
