"speciesid","active","dead","pollinated","maturity","x_loc","y_loc","emergence","interactions","midpoint","scale","skew","midpoint.sensitivity","scale.sensitivity","skew.sensitivity","generalism","lifespan","seedlings","1","2","3","4","5","6","7","8","9","10","11","12","13","14","15","16","17","18","19","20","21","22","23","24","25","26","27","28","29","30","31","32","33","34","35","36","37","38","39","40","season","run","type"
1,0,0,0,0,0,0,0,2,135.794251458719,0.306517992401496,1.16599042387679,-7.40584736312362,-0.00115637868177146,0.0367109195538797,0,30,0,0,0,0,0,0,0,0,0,0,0,0,0,0,0,0,0,0,0,0,0,0,0,0,0,0,0,0,0,0,0,0,0,1,0,0,0,0,1,0,0,-1,2,"control"
2,0,0,0,0,0,0,0,6,99.731778181158,-0.559799018804915,1.7023295443505,2.79807375677667,-0.000401036981493235,0.0235706283920445,0,34,0,0,0,0,0,0,0,0,1,0,0,0,0,0,1,1,0,0,0,1,0,0,0,0,0,1,0,0,0,0,0,1,0,0,0,0,0,0,0,0,0,-1,2,"control"
3,0,0,0,0,0,0,0,17,99.3936094734818,0.474661182216369,1.14658380951732,-2.79311437334078,-0.00302626365679316,0.0320298115699552,1,32,0,1,0,0,1,0,0,0,1,0,1,1,1,0,0,0,0,1,1,0,0,0,0,1,1,1,0,0,1,0,1,1,1,0,1,0,0,0,1,0,0,-1,2,"control"
4,0,0,0,0,0,0,0,2,142.216746532358,0.347037071711384,1.78365088393912,-3.81759203769683,0.00971666970523074,0.0136057684407569,0,39,0,0,0,0,0,0,0,0,0,0,0,0,0,0,0,0,0,0,0,0,0,0,0,0,0,0,0,1,0,0,0,0,0,0,0,0,0,0,1,0,0,-1,2,"control"
5,0,0,0,0,0,0,0,15,103.123067328706,-0.454321052832529,1.22230532206595,-3.46886919646972,0.00397788733243942,0.0173169039865024,1,32,0,1,0,0,0,1,1,1,0,0,0,0,0,1,0,1,0,1,1,1,0,0,0,1,1,0,1,0,0,1,0,0,0,0,1,0,0,0,0,1,0,-1,2,"control"
6,0,0,0,0,0,0,0,1,125.453280159272,-0.582739208685234,1.11796650267206,-10.3228236435372,0.0062282107048668,0.0351763566583395,0,24,0,0,0,0,0,0,0,0,0,0,0,0,0,0,0,0,0,0,0,0,0,1,0,0,0,0,0,0,0,0,0,0,0,0,0,0,0,0,0,0,0,-1,2,"control"
7,0,0,0,0,0,0,0,4,132.050385894254,-0.557721984805539,1.95062603009865,-8.90485318283743,-0.00392084177816287,0.0384633760410361,0,37,0,0,0,0,0,0,0,0,0,0,0,0,0,0,1,1,0,0,0,0,0,0,0,0,0,0,0,0,0,0,0,0,0,0,0,0,0,0,1,0,1,-1,2,"control"
8,0,0,0,0,0,0,0,1,139.250392899849,-0.4843415010022,1.63532741181552,-7.47334912504106,0.00371284416061826,-0.00564892292255536,0,24,0,0,0,0,0,0,0,0,0,0,0,0,0,0,0,0,0,0,0,0,0,0,0,0,0,0,0,0,0,0,1,0,0,0,0,0,0,0,0,0,0,-1,2,"control"
9,0,0,0,0,0,0,0,3,133.038720502518,-0.486368845892139,1.47043370525353,-3.05247921837185,0.00422399630537257,0.0198882890492678,0,29,0,0,0,1,0,0,0,0,1,0,0,0,0,0,0,0,0,0,0,0,0,0,0,0,0,0,0,1,0,0,0,0,0,0,0,0,0,0,0,0,0,-1,2,"control"
10,0,0,0,0,0,0,0,3,114.914643270895,-0.531062207766809,1.12042272160761,1.28031801457401,0.00227772167883813,0.0369976053456776,0,37,0,0,0,0,0,0,0,0,0,0,0,0,0,0,0,0,1,0,0,1,0,0,0,0,0,0,0,0,0,0,0,0,0,0,0,0,0,0,0,1,0,-1,2,"control"
11,0,0,0,0,0,0,0,11,121.886325459927,0.467767039057799,1.48019485780969,-1.65333527060427,0.00674852770986035,-0.00367168140597641,1,28,0,0,0,1,0,0,0,1,1,1,0,1,0,1,0,0,0,0,0,0,1,0,1,0,0,0,1,0,0,0,0,1,0,1,0,0,0,0,0,0,0,-1,2,"control"
12,0,0,0,0,0,0,0,2,90.1947728544474,0.331390544492751,1.3680398222059,-8.28024652336256,0.00319264749530703,0.036313085150905,0,25,0,0,0,0,0,0,0,0,0,0,0,0,0,0,0,0,0,0,0,0,0,0,0,0,0,0,0,0,1,0,1,0,0,0,0,0,0,0,0,0,0,-1,2,"control"
13,0,0,0,0,0,0,0,4,105.125983399339,0.348218510881998,1.90900264517404,-9.75634103438022,0.0042491466877982,-0.00877424918813631,0,30,0,0,1,0,0,0,0,0,0,0,1,0,0,0,0,0,0,0,0,0,0,0,0,0,0,0,1,0,0,1,0,0,0,0,0,0,0,0,0,0,0,-1,2,"control"
14,0,0,0,0,0,0,0,6,99.3137352028862,0.576305345934816,1.15287263412029,-8.65245604683064,0.000984563145320862,0.0311683260113932,0,27,0,1,0,0,0,1,0,0,0,1,1,0,0,0,0,0,0,0,0,0,1,0,0,0,0,0,0,0,0,1,0,0,0,0,0,0,0,0,0,0,0,-1,2,"control"
15,0,0,0,0,0,0,0,12,142.730387477204,0.557648815400899,1.85554248443805,-4.39701546080775,-0.00168654443346895,0.031031565668527,1,29,0,0,1,1,0,0,1,1,1,0,0,0,0,0,0,0,0,0,0,0,0,1,0,0,0,0,1,1,0,0,1,1,0,0,0,0,0,1,1,0,0,-1,2,"control"
16,0,0,0,0,0,0,0,1,102.210669773631,0.530510788131505,1.90738136717118,-4.45119370342127,-0.00125050759059377,-0.00522183856461197,0,23,0,0,0,0,0,0,0,0,0,0,0,0,0,1,0,0,0,0,0,0,0,0,0,0,0,0,0,0,0,0,0,0,0,0,0,0,0,0,0,0,0,-1,2,"control"
17,0,0,0,0,0,0,0,13,125.011704247445,-0.306477967766114,1.89985892013647,-7.0933887635033,-0.00126916762790643,-0.00701619062107056,1,31,0,1,0,0,0,1,0,0,1,0,0,0,1,0,1,1,1,0,1,1,0,1,0,0,0,1,0,0,0,0,0,0,0,0,0,0,0,0,1,0,1,-1,2,"control"
18,0,0,0,0,0,0,0,10,138.268403182738,-0.570008942624554,1.51494550541975,-1.55860153292991,0.00740365915116854,0.0204478320525959,1,36,0,0,1,0,0,0,0,0,1,0,0,0,0,0,0,1,0,0,0,0,1,1,0,0,1,0,1,0,0,0,0,0,0,1,0,0,0,0,1,1,0,-1,2,"control"
19,0,0,0,0,0,0,0,1,105.882994942367,-0.426616679015569,1.41678035561927,3.16842096163541,0.00382839685422368,0.00790593890473247,0,25,0,0,0,0,0,0,0,0,0,0,0,0,0,0,0,0,0,0,0,0,0,0,0,0,0,0,0,0,0,1,0,0,0,0,0,0,0,0,0,0,0,-1,2,"control"
20,0,0,0,0,0,0,0,2,114.344563703053,0.544686158420518,1.46917544864118,-5.45429968033436,0.00533509860280901,0.000604722693096848,0,24,0,0,0,0,0,0,0,0,0,0,0,0,0,0,0,0,0,0,0,0,0,0,0,0,0,0,0,0,0,0,0,0,1,0,0,0,0,1,0,0,0,-1,2,"control"
1,0,0,0,0,35,27,136,2,135.794251458719,0.306517992401496,1.16599042387679,-7.40584736312362,-0.00115637868177146,0.0367109195538797,0,30,0,0,0,0,0,0,0,0,0,0,0,0,0,0,0,0,0,0,0,0,0,0,0,0,0,0,0,0,0,0,0,0,0,1,0,0,0,0,1,0,0,0,2,"control"
2,0,0,0,0,36,11,102,6,99.731778181158,-0.559799018804915,1.7023295443505,2.79807375677667,-0.000401036981493235,0.0235706283920445,0,34,0,0,0,0,0,0,0,0,1,0,0,0,0,0,1,1,0,0,0,1,0,0,0,0,0,1,0,0,0,0,0,1,0,0,0,0,0,0,0,0,0,0,2,"control"
3,0,0,0,0,39,5,98,17,99.3936094734818,0.474661182216369,1.14658380951732,-2.79311437334078,-0.00302626365679316,0.0320298115699552,1,32,0,1,0,0,1,0,0,0,1,0,1,1,1,0,0,0,0,1,1,0,0,0,0,1,1,1,0,0,1,0,1,1,1,0,1,0,0,0,1,0,0,0,2,"control"
4,0,0,0,0,34,18,128,2,142.216746532358,0.347037071711384,1.78365088393912,-3.81759203769683,0.00971666970523074,0.0136057684407569,0,39,0,0,0,0,0,0,0,0,0,0,0,0,0,0,0,0,0,0,0,0,0,0,0,0,0,0,0,1,0,0,0,0,0,0,0,0,0,0,1,0,0,0,2,"control"
5,0,0,0,0,32,21,103,15,103.123067328706,-0.454321052832529,1.22230532206595,-3.46886919646972,0.00397788733243942,0.0173169039865024,1,32,0,1,0,0,0,1,1,1,0,0,0,0,0,1,0,1,0,1,1,1,0,0,0,1,1,0,1,0,0,1,0,0,0,0,1,0,0,0,0,1,0,0,2,"control"
6,0,0,0,0,24,10,120,1,125.453280159272,-0.582739208685234,1.11796650267206,-10.3228236435372,0.0062282107048668,0.0351763566583395,0,24,0,0,0,0,0,0,0,0,0,0,0,0,0,0,0,0,0,0,0,0,0,1,0,0,0,0,0,0,0,0,0,0,0,0,0,0,0,0,0,0,0,0,2,"control"
7,0,0,0,0,20,9,133,4,132.050385894254,-0.557721984805539,1.95062603009865,-8.90485318283743,-0.00392084177816287,0.0384633760410361,0,37,0,0,0,0,0,0,0,0,0,0,0,0,0,0,1,1,0,0,0,0,0,0,0,0,0,0,0,0,0,0,0,0,0,0,0,0,0,0,1,0,1,0,2,"control"
8,0,0,0,0,5,7,147,1,139.250392899849,-0.4843415010022,1.63532741181552,-7.47334912504106,0.00371284416061826,-0.00564892292255536,0,24,0,0,0,0,0,0,0,0,0,0,0,0,0,0,0,0,0,0,0,0,0,0,0,0,0,0,0,0,0,0,1,0,0,0,0,0,0,0,0,0,0,0,2,"control"
9,0,0,0,0,9,38,136,3,133.038720502518,-0.486368845892139,1.47043370525353,-3.05247921837185,0.00422399630537257,0.0198882890492678,0,29,0,0,0,1,0,0,0,0,1,0,0,0,0,0,0,0,0,0,0,0,0,0,0,0,0,0,0,1,0,0,0,0,0,0,0,0,0,0,0,0,0,0,2,"control"
10,0,0,0,0,34,5,118,3,114.914643270895,-0.531062207766809,1.12042272160761,1.28031801457401,0.00227772167883813,0.0369976053456776,0,37,0,0,0,0,0,0,0,0,0,0,0,0,0,0,0,0,1,0,0,1,0,0,0,0,0,0,0,0,0,0,0,0,0,0,0,0,0,0,0,1,0,0,2,"control"
11,0,0,0,0,34,7,115,11,121.886325459927,0.467767039057799,1.48019485780969,-1.65333527060427,0.00674852770986035,-0.00367168140597641,1,28,0,0,0,1,0,0,0,1,1,1,0,1,0,1,0,0,0,0,0,0,1,0,1,0,0,0,1,0,0,0,0,1,0,1,0,0,0,0,0,0,0,0,2,"control"
12,0,0,0,0,14,36,91,2,90.1947728544474,0.331390544492751,1.3680398222059,-8.28024652336256,0.00319264749530703,0.036313085150905,0,25,0,0,0,0,0,0,0,0,0,0,0,0,0,0,0,0,0,0,0,0,0,0,0,0,0,0,0,0,1,0,1,0,0,0,0,0,0,0,0,0,0,0,2,"control"
13,0,0,0,0,39,10,106,4,105.125983399339,0.348218510881998,1.90900264517404,-9.75634103438022,0.0042491466877982,-0.00877424918813631,0,30,0,0,1,0,0,0,0,0,0,0,1,0,0,0,0,0,0,0,0,0,0,0,0,0,0,0,1,0,0,1,0,0,0,0,0,0,0,0,0,0,0,0,2,"control"
14,0,0,0,0,14,32,96,6,99.3137352028862,0.576305345934816,1.15287263412029,-8.65245604683064,0.000984563145320862,0.0311683260113932,0,27,0,1,0,0,0,1,0,0,0,1,1,0,0,0,0,0,0,0,0,0,1,0,0,0,0,0,0,0,0,1,0,0,0,0,0,0,0,0,0,0,0,0,2,"control"
15,0,0,0,0,8,17,143,12,142.730387477204,0.557648815400899,1.85554248443805,-4.39701546080775,-0.00168654443346895,0.031031565668527,1,29,0,0,1,1,0,0,1,1,1,0,0,0,0,0,0,0,0,0,0,0,0,1,0,0,0,0,1,1,0,0,1,1,0,0,0,0,0,1,1,0,0,0,2,"control"
16,0,0,0,0,4,30,102,1,102.210669773631,0.530510788131505,1.90738136717118,-4.45119370342127,-0.00125050759059377,-0.00522183856461197,0,23,0,0,0,0,0,0,0,0,0,0,0,0,0,1,0,0,0,0,0,0,0,0,0,0,0,0,0,0,0,0,0,0,0,0,0,0,0,0,0,0,0,0,2,"control"
17,0,0,0,0,15,33,123,13,125.011704247445,-0.306477967766114,1.89985892013647,-7.0933887635033,-0.00126916762790643,-0.00701619062107056,1,31,0,1,0,0,0,1,0,0,1,0,0,0,1,0,1,1,1,0,1,1,0,1,0,0,0,1,0,0,0,0,0,0,0,0,0,0,0,0,1,0,1,0,2,"control"
18,0,0,0,0,9,14,143,10,138.268403182738,-0.570008942624554,1.51494550541975,-1.55860153292991,0.00740365915116854,0.0204478320525959,1,36,0,0,1,0,0,0,0,0,1,0,0,0,0,0,0,1,0,0,0,0,1,1,0,0,1,0,1,0,0,0,0,0,0,1,0,0,0,0,1,1,0,0,2,"control"
19,0,0,0,0,3,6,111,1,105.882994942367,-0.426616679015569,1.41678035561927,3.16842096163541,0.00382839685422368,0.00790593890473247,0,25,0,0,0,0,0,0,0,0,0,0,0,0,0,0,0,0,0,0,0,0,0,0,0,0,0,0,0,0,0,1,0,0,0,0,0,0,0,0,0,0,0,0,2,"control"
20,0,0,0,0,33,9,111,2,114.344563703053,0.544686158420518,1.46917544864118,-5.45429968033436,0.00533509860280901,0.000604722693096848,0,24,0,0,0,0,0,0,0,0,0,0,0,0,0,0,0,0,0,0,0,0,0,0,0,0,0,0,0,0,0,0,0,0,1,0,0,0,0,1,0,0,0,0,2,"control"
2,0,0,0,0,39,25,104,6,99.731778181158,-0.559799018804915,1.7023295443505,2.79807375677667,-0.000401036981493235,0.0235706283920445,0,34,0,0,0,0,0,0,0,0,1,0,0,0,0,0,1,1,0,0,0,1,0,0,0,0,0,1,0,0,0,0,0,1,0,0,0,0,0,0,0,0,0,1,2,"control"
3,0,0,0,0,36,12,96,17,99.3936094734818,0.474661182216369,1.14658380951732,-2.79311437334078,-0.00302626365679316,0.0320298115699552,1,32,0,1,0,0,1,0,0,0,1,0,1,1,1,0,0,0,0,1,1,0,0,0,0,1,1,1,0,0,1,0,1,1,1,0,1,0,0,0,1,0,0,1,2,"control"
5,0,0,0,0,23,5,109,15,103.123067328706,-0.454321052832529,1.22230532206595,-3.46886919646972,0.00397788733243942,0.0173169039865024,1,32,0,1,0,0,0,1,1,1,0,0,0,0,0,1,0,1,0,1,1,1,0,0,0,1,1,0,1,0,0,1,0,0,0,0,1,0,0,0,0,1,0,1,2,"control"
11,0,0,0,0,5,12,121,11,121.886325459927,0.467767039057799,1.48019485780969,-1.65333527060427,0.00674852770986035,-0.00367168140597641,1,28,0,0,0,1,0,0,0,1,1,1,0,1,0,1,0,0,0,0,0,0,1,0,1,0,0,0,1,0,0,0,0,1,0,1,0,0,0,0,0,0,0,1,2,"control"
15,0,0,0,0,18,30,138,12,142.730387477204,0.557648815400899,1.85554248443805,-4.39701546080775,-0.00168654443346895,0.031031565668527,1,29,0,0,1,1,0,0,1,1,1,0,0,0,0,0,0,0,0,0,0,0,0,1,0,0,0,0,1,1,0,0,1,1,0,0,0,0,0,1,1,0,0,1,2,"control"
9,0,0,0,0,16,1,137,3,133.038720502518,-0.486368845892139,1.47043370525353,-3.05247921837185,0.00422399630537257,0.0198882890492678,0,29,0,0,0,1,0,0,0,0,1,0,0,0,0,0,0,0,0,0,0,0,0,0,0,0,0,0,0,1,0,0,0,0,0,0,0,0,0,0,0,0,0,1,2,"control"
17,0,0,0,0,6,28,159,13,125.011704247445,-0.306477967766114,1.89985892013647,-7.0933887635033,-0.00126916762790643,-0.00701619062107056,1,31,0,1,0,0,0,1,0,0,1,0,0,0,1,0,1,1,1,0,1,1,0,1,0,0,0,1,0,0,0,0,0,0,0,0,0,0,0,0,1,0,1,1,2,"control"
12,0,0,0,0,11,33,87,2,90.1947728544474,0.331390544492751,1.3680398222059,-8.28024652336256,0.00319264749530703,0.036313085150905,0,25,0,0,0,0,0,0,0,0,0,0,0,0,0,0,0,0,0,0,0,0,0,0,0,0,0,0,0,0,1,0,1,0,0,0,0,0,0,0,0,0,0,1,2,"control"
13,0,0,0,0,2,25,103,4,105.125983399339,0.348218510881998,1.90900264517404,-9.75634103438022,0.0042491466877982,-0.00877424918813631,0,30,0,0,1,0,0,0,0,0,0,0,1,0,0,0,0,0,0,0,0,0,0,0,0,0,0,0,1,0,0,1,0,0,0,0,0,0,0,0,0,0,0,1,2,"control"
14,0,0,0,0,16,10,97,6,99.3137352028862,0.576305345934816,1.15287263412029,-8.65245604683064,0.000984563145320862,0.0311683260113932,0,27,0,1,0,0,0,1,0,0,0,1,1,0,0,0,0,0,0,0,0,0,1,0,0,0,0,0,0,0,0,1,0,0,0,0,0,0,0,0,0,0,0,1,2,"control"
16,0,0,0,0,20,9,103,1,102.210669773631,0.530510788131505,1.90738136717118,-4.45119370342127,-0.00125050759059377,-0.00522183856461197,0,23,0,0,0,0,0,0,0,0,0,0,0,0,0,1,0,0,0,0,0,0,0,0,0,0,0,0,0,0,0,0,0,0,0,0,0,0,0,0,0,0,0,1,2,"control"
19,0,0,0,0,3,10,107,1,105.882994942367,-0.426616679015569,1.41678035561927,3.16842096163541,0.00382839685422368,0.00790593890473247,0,25,0,0,0,0,0,0,0,0,0,0,0,0,0,0,0,0,0,0,0,0,0,0,0,0,0,0,0,0,0,1,0,0,0,0,0,0,0,0,0,0,0,1,2,"control"
10,0,0,0,0,40,23,112,3,114.914643270895,-0.531062207766809,1.12042272160761,1.28031801457401,0.00227772167883813,0.0369976053456776,0,37,0,0,0,0,0,0,0,0,0,0,0,0,0,0,0,0,1,0,0,1,0,0,0,0,0,0,0,0,0,0,0,0,0,0,0,0,0,0,0,1,0,1,2,"control"
20,0,0,0,0,12,12,112,2,114.344563703053,0.544686158420518,1.46917544864118,-5.45429968033436,0.00533509860280901,0.000604722693096848,0,24,0,0,0,0,0,0,0,0,0,0,0,0,0,0,0,0,0,0,0,0,0,0,0,0,0,0,0,0,0,0,0,0,1,0,0,0,0,1,0,0,0,1,2,"control"
6,0,0,0,0,19,18,121,1,125.453280159272,-0.582739208685234,1.11796650267206,-10.3228236435372,0.0062282107048668,0.0351763566583395,0,24,0,0,0,0,0,0,0,0,0,0,0,0,0,0,0,0,0,0,0,0,0,1,0,0,0,0,0,0,0,0,0,0,0,0,0,0,0,0,0,0,0,1,2,"control"
7,0,0,0,0,12,20,139,4,132.050385894254,-0.557721984805539,1.95062603009865,-8.90485318283743,-0.00392084177816287,0.0384633760410361,0,37,0,0,0,0,0,0,0,0,0,0,0,0,0,0,1,1,0,0,0,0,0,0,0,0,0,0,0,0,0,0,0,0,0,0,0,0,0,0,1,0,1,1,2,"control"
4,0,0,0,0,8,16,124,2,142.216746532358,0.347037071711384,1.78365088393912,-3.81759203769683,0.00971666970523074,0.0136057684407569,0,39,0,0,0,0,0,0,0,0,0,0,0,0,0,0,0,0,0,0,0,0,0,0,0,0,0,0,0,1,0,0,0,0,0,0,0,0,0,0,1,0,0,1,2,"control"
18,0,0,0,0,32,13,138,10,138.268403182738,-0.570008942624554,1.51494550541975,-1.55860153292991,0.00740365915116854,0.0204478320525959,1,36,0,0,1,0,0,0,0,0,1,0,0,0,0,0,0,1,0,0,0,0,1,1,0,0,1,0,1,0,0,0,0,0,0,1,0,0,0,0,1,1,0,1,2,"control"
3,0,0,0,0,7,21,96,17,99.3936094734818,0.474661182216369,1.14658380951732,-2.79311437334078,-0.00302626365679316,0.0320298115699552,1,32,0,1,0,0,1,0,0,0,1,0,1,1,1,0,0,0,0,1,1,0,0,0,0,1,1,1,0,0,1,0,1,1,1,0,1,0,0,0,1,0,0,2,2,"control"
2,0,0,0,0,33,35,99,6,99.731778181158,-0.559799018804915,1.7023295443505,2.79807375677667,-0.000401036981493235,0.0235706283920445,0,34,0,0,0,0,0,0,0,0,1,0,0,0,0,0,1,1,0,0,0,1,0,0,0,0,0,1,0,0,0,0,0,1,0,0,0,0,0,0,0,0,0,2,2,"control"
5,0,0,0,0,29,12,102,15,103.123067328706,-0.454321052832529,1.22230532206595,-3.46886919646972,0.00397788733243942,0.0173169039865024,1,32,0,1,0,0,0,1,1,1,0,0,0,0,0,1,0,1,0,1,1,1,0,0,0,1,1,0,1,0,0,1,0,0,0,0,1,0,0,0,0,1,0,2,2,"control"
11,0,0,0,0,9,2,125,11,121.886325459927,0.467767039057799,1.48019485780969,-1.65333527060427,0.00674852770986035,-0.00367168140597641,1,28,0,0,0,1,0,0,0,1,1,1,0,1,0,1,0,0,0,0,0,0,1,0,1,0,0,0,1,0,0,0,0,1,0,1,0,0,0,0,0,0,0,2,2,"control"
15,0,0,0,0,21,22,137,12,142.730387477204,0.557648815400899,1.85554248443805,-4.39701546080775,-0.00168654443346895,0.031031565668527,1,29,0,0,1,1,0,0,1,1,1,0,0,0,0,0,0,0,0,0,0,0,0,1,0,0,0,0,1,1,0,0,1,1,0,0,0,0,0,1,1,0,0,2,2,"control"
17,0,0,0,0,29,34,132,13,125.011704247445,-0.306477967766114,1.89985892013647,-7.0933887635033,-0.00126916762790643,-0.00701619062107056,1,31,0,1,0,0,0,1,0,0,1,0,0,0,1,0,1,1,1,0,1,1,0,1,0,0,0,1,0,0,0,0,0,0,0,0,0,0,0,0,1,0,1,2,2,"control"
14,0,0,0,0,40,34,93,6,99.3137352028862,0.576305345934816,1.15287263412029,-8.65245604683064,0.000984563145320862,0.0311683260113932,0,27,0,1,0,0,0,1,0,0,0,1,1,0,0,0,0,0,0,0,0,0,1,0,0,0,0,0,0,0,0,1,0,0,0,0,0,0,0,0,0,0,0,2,2,"control"
12,0,0,0,0,1,29,98,2,90.1947728544474,0.331390544492751,1.3680398222059,-8.28024652336256,0.00319264749530703,0.036313085150905,0,25,0,0,0,0,0,0,0,0,0,0,0,0,0,0,0,0,0,0,0,0,0,0,0,0,0,0,0,0,1,0,1,0,0,0,0,0,0,0,0,0,0,2,2,"control"
13,0,0,0,0,26,1,106,4,105.125983399339,0.348218510881998,1.90900264517404,-9.75634103438022,0.0042491466877982,-0.00877424918813631,0,30,0,0,1,0,0,0,0,0,0,0,1,0,0,0,0,0,0,0,0,0,0,0,0,0,0,0,1,0,0,1,0,0,0,0,0,0,0,0,0,0,0,2,2,"control"
19,0,0,0,0,24,6,107,1,105.882994942367,-0.426616679015569,1.41678035561927,3.16842096163541,0.00382839685422368,0.00790593890473247,0,25,0,0,0,0,0,0,0,0,0,0,0,0,0,0,0,0,0,0,0,0,0,0,0,0,0,0,0,0,0,1,0,0,0,0,0,0,0,0,0,0,0,2,2,"control"
10,0,0,0,0,40,19,118,3,114.914643270895,-0.531062207766809,1.12042272160761,1.28031801457401,0.00227772167883813,0.0369976053456776,0,37,0,0,0,0,0,0,0,0,0,0,0,0,0,0,0,0,1,0,0,1,0,0,0,0,0,0,0,0,0,0,0,0,0,0,0,0,0,0,0,1,0,2,2,"control"
20,0,0,0,0,21,19,106,2,114.344563703053,0.544686158420518,1.46917544864118,-5.45429968033436,0.00533509860280901,0.000604722693096848,0,24,0,0,0,0,0,0,0,0,0,0,0,0,0,0,0,0,0,0,0,0,0,0,0,0,0,0,0,0,0,0,0,0,1,0,0,0,0,1,0,0,0,2,2,"control"
4,0,0,0,0,19,8,141,2,142.216746532358,0.347037071711384,1.78365088393912,-3.81759203769683,0.00971666970523074,0.0136057684407569,0,39,0,0,0,0,0,0,0,0,0,0,0,0,0,0,0,0,0,0,0,0,0,0,0,0,0,0,0,1,0,0,0,0,0,0,0,0,0,0,1,0,0,2,2,"control"
9,0,0,0,0,25,5,132,3,133.038720502518,-0.486368845892139,1.47043370525353,-3.05247921837185,0.00422399630537257,0.0198882890492678,0,29,0,0,0,1,0,0,0,0,1,0,0,0,0,0,0,0,0,0,0,0,0,0,0,0,0,0,0,1,0,0,0,0,0,0,0,0,0,0,0,0,0,2,2,"control"
18,0,0,0,0,17,11,140,10,138.268403182738,-0.570008942624554,1.51494550541975,-1.55860153292991,0.00740365915116854,0.0204478320525959,1,36,0,0,1,0,0,0,0,0,1,0,0,0,0,0,0,1,0,0,0,0,1,1,0,0,1,0,1,0,0,0,0,0,0,1,0,0,0,0,1,1,0,2,2,"control"
3,0,0,0,0,19,2,94,17,99.3936094734818,0.474661182216369,1.14658380951732,-2.79311437334078,-0.00302626365679316,0.0320298115699552,1,32,0,1,0,0,1,0,0,0,1,0,1,1,1,0,0,0,0,1,1,0,0,0,0,1,1,1,0,0,1,0,1,1,1,0,1,0,0,0,1,0,0,3,2,"control"
2,0,0,0,0,1,16,92,6,99.731778181158,-0.559799018804915,1.7023295443505,2.79807375677667,-0.000401036981493235,0.0235706283920445,0,34,0,0,0,0,0,0,0,0,1,0,0,0,0,0,1,1,0,0,0,1,0,0,0,0,0,1,0,0,0,0,0,1,0,0,0,0,0,0,0,0,0,3,2,"control"
5,0,0,0,0,4,31,103,15,103.123067328706,-0.454321052832529,1.22230532206595,-3.46886919646972,0.00397788733243942,0.0173169039865024,1,32,0,1,0,0,0,1,1,1,0,0,0,0,0,1,0,1,0,1,1,1,0,0,0,1,1,0,1,0,0,1,0,0,0,0,1,0,0,0,0,1,0,3,2,"control"
17,0,0,0,0,10,40,119,13,125.011704247445,-0.306477967766114,1.89985892013647,-7.0933887635033,-0.00126916762790643,-0.00701619062107056,1,31,0,1,0,0,0,1,0,0,1,0,0,0,1,0,1,1,1,0,1,1,0,1,0,0,0,1,0,0,0,0,0,0,0,0,0,0,0,0,1,0,1,3,2,"control"
14,0,0,0,0,18,22,99,6,99.3137352028862,0.576305345934816,1.15287263412029,-8.65245604683064,0.000984563145320862,0.0311683260113932,0,27,0,1,0,0,0,1,0,0,0,1,1,0,0,0,0,0,0,0,0,0,1,0,0,0,0,0,0,0,0,1,0,0,0,0,0,0,0,0,0,0,0,3,2,"control"
13,0,0,0,0,27,28,103,4,105.125983399339,0.348218510881998,1.90900264517404,-9.75634103438022,0.0042491466877982,-0.00877424918813631,0,30,0,0,1,0,0,0,0,0,0,0,1,0,0,0,0,0,0,0,0,0,0,0,0,0,0,0,1,0,0,1,0,0,0,0,0,0,0,0,0,0,0,3,2,"control"
12,0,0,0,0,34,38,90,2,90.1947728544474,0.331390544492751,1.3680398222059,-8.28024652336256,0.00319264749530703,0.036313085150905,0,25,0,0,0,0,0,0,0,0,0,0,0,0,0,0,0,0,0,0,0,0,0,0,0,0,0,0,0,0,1,0,1,0,0,0,0,0,0,0,0,0,0,3,2,"control"
19,0,0,0,0,22,4,101,1,105.882994942367,-0.426616679015569,1.41678035561927,3.16842096163541,0.00382839685422368,0.00790593890473247,0,25,0,0,0,0,0,0,0,0,0,0,0,0,0,0,0,0,0,0,0,0,0,0,0,0,0,0,0,0,0,1,0,0,0,0,0,0,0,0,0,0,0,3,2,"control"
10,0,0,0,0,5,38,118,3,114.914643270895,-0.531062207766809,1.12042272160761,1.28031801457401,0.00227772167883813,0.0369976053456776,0,37,0,0,0,0,0,0,0,0,0,0,0,0,0,0,0,0,1,0,0,1,0,0,0,0,0,0,0,0,0,0,0,0,0,0,0,0,0,0,0,1,0,3,2,"control"
11,0,0,0,0,38,23,126,11,121.886325459927,0.467767039057799,1.48019485780969,-1.65333527060427,0.00674852770986035,-0.00367168140597641,1,28,0,0,0,1,0,0,0,1,1,1,0,1,0,1,0,0,0,0,0,0,1,0,1,0,0,0,1,0,0,0,0,1,0,1,0,0,0,0,0,0,0,3,2,"control"
9,0,0,0,0,40,26,137,3,133.038720502518,-0.486368845892139,1.47043370525353,-3.05247921837185,0.00422399630537257,0.0198882890492678,0,29,0,0,0,1,0,0,0,0,1,0,0,0,0,0,0,0,0,0,0,0,0,0,0,0,0,0,0,1,0,0,0,0,0,0,0,0,0,0,0,0,0,3,2,"control"
15,0,0,0,0,13,13,139,12,142.730387477204,0.557648815400899,1.85554248443805,-4.39701546080775,-0.00168654443346895,0.031031565668527,1,29,0,0,1,1,0,0,1,1,1,0,0,0,0,0,0,0,0,0,0,0,0,1,0,0,0,0,1,1,0,0,1,1,0,0,0,0,0,1,1,0,0,3,2,"control"
4,0,0,0,0,7,17,139,2,142.216746532358,0.347037071711384,1.78365088393912,-3.81759203769683,0.00971666970523074,0.0136057684407569,0,39,0,0,0,0,0,0,0,0,0,0,0,0,0,0,0,0,0,0,0,0,0,0,0,0,0,0,0,1,0,0,0,0,0,0,0,0,0,0,1,0,0,3,2,"control"
2,0,0,0,0,4,23,109,6,99.731778181158,-0.559799018804915,1.7023295443505,2.79807375677667,-0.000401036981493235,0.0235706283920445,0,34,0,0,0,0,0,0,0,0,1,0,0,0,0,0,1,1,0,0,0,1,0,0,0,0,0,1,0,0,0,0,0,1,0,0,0,0,0,0,0,0,0,4,2,"control"
3,0,0,0,0,39,29,97,17,99.3936094734818,0.474661182216369,1.14658380951732,-2.79311437334078,-0.00302626365679316,0.0320298115699552,1,32,0,1,0,0,1,0,0,0,1,0,1,1,1,0,0,0,0,1,1,0,0,0,0,1,1,1,0,0,1,0,1,1,1,0,1,0,0,0,1,0,0,4,2,"control"
17,0,0,0,0,38,2,128,13,125.011704247445,-0.306477967766114,1.89985892013647,-7.0933887635033,-0.00126916762790643,-0.00701619062107056,1,31,0,1,0,0,0,1,0,0,1,0,0,0,1,0,1,1,1,0,1,1,0,1,0,0,0,1,0,0,0,0,0,0,0,0,0,0,0,0,1,0,1,4,2,"control"
5,0,0,0,0,11,38,101,15,103.123067328706,-0.454321052832529,1.22230532206595,-3.46886919646972,0.00397788733243942,0.0173169039865024,1,32,0,1,0,0,0,1,1,1,0,0,0,0,0,1,0,1,0,1,1,1,0,0,0,1,1,0,1,0,0,1,0,0,0,0,1,0,0,0,0,1,0,4,2,"control"
14,0,0,0,0,12,18,101,6,99.3137352028862,0.576305345934816,1.15287263412029,-8.65245604683064,0.000984563145320862,0.0311683260113932,0,27,0,1,0,0,0,1,0,0,0,1,1,0,0,0,0,0,0,0,0,0,1,0,0,0,0,0,0,0,0,1,0,0,0,0,0,0,0,0,0,0,0,4,2,"control"
13,0,0,0,0,13,21,101,4,105.125983399339,0.348218510881998,1.90900264517404,-9.75634103438022,0.0042491466877982,-0.00877424918813631,0,30,0,0,1,0,0,0,0,0,0,0,1,0,0,0,0,0,0,0,0,0,0,0,0,0,0,0,1,0,0,1,0,0,0,0,0,0,0,0,0,0,0,4,2,"control"
19,0,0,0,0,2,38,103,1,105.882994942367,-0.426616679015569,1.41678035561927,3.16842096163541,0.00382839685422368,0.00790593890473247,0,25,0,0,0,0,0,0,0,0,0,0,0,0,0,0,0,0,0,0,0,0,0,0,0,0,0,0,0,0,0,1,0,0,0,0,0,0,0,0,0,0,0,4,2,"control"
10,0,0,0,0,28,2,112,3,114.914643270895,-0.531062207766809,1.12042272160761,1.28031801457401,0.00227772167883813,0.0369976053456776,0,37,0,0,0,0,0,0,0,0,0,0,0,0,0,0,0,0,1,0,0,1,0,0,0,0,0,0,0,0,0,0,0,0,0,0,0,0,0,0,0,1,0,4,2,"control"
11,0,0,0,0,11,30,124,11,121.886325459927,0.467767039057799,1.48019485780969,-1.65333527060427,0.00674852770986035,-0.00367168140597641,1,28,0,0,0,1,0,0,0,1,1,1,0,1,0,1,0,0,0,0,0,0,1,0,1,0,0,0,1,0,0,0,0,1,0,1,0,0,0,0,0,0,0,4,2,"control"
9,0,0,0,0,10,20,134,3,133.038720502518,-0.486368845892139,1.47043370525353,-3.05247921837185,0.00422399630537257,0.0198882890492678,0,29,0,0,0,1,0,0,0,0,1,0,0,0,0,0,0,0,0,0,0,0,0,0,0,0,0,0,0,1,0,0,0,0,0,0,0,0,0,0,0,0,0,4,2,"control"
15,0,0,0,0,18,29,141,12,142.730387477204,0.557648815400899,1.85554248443805,-4.39701546080775,-0.00168654443346895,0.031031565668527,1,29,0,0,1,1,0,0,1,1,1,0,0,0,0,0,0,0,0,0,0,0,0,1,0,0,0,0,1,1,0,0,1,1,0,0,0,0,0,1,1,0,0,4,2,"control"
2,0,0,0,0,1,8,99,6,99.731778181158,-0.559799018804915,1.7023295443505,2.79807375677667,-0.000401036981493235,0.0235706283920445,0,34,0,0,0,0,0,0,0,0,1,0,0,0,0,0,1,1,0,0,0,1,0,0,0,0,0,1,0,0,0,0,0,1,0,0,0,0,0,0,0,0,0,5,2,"control"
3,0,0,0,0,16,38,98,17,99.3936094734818,0.474661182216369,1.14658380951732,-2.79311437334078,-0.00302626365679316,0.0320298115699552,1,32,0,1,0,0,1,0,0,0,1,0,1,1,1,0,0,0,0,1,1,0,0,0,0,1,1,1,0,0,1,0,1,1,1,0,1,0,0,0,1,0,0,5,2,"control"
17,0,0,0,0,37,15,151,13,125.011704247445,-0.306477967766114,1.89985892013647,-7.0933887635033,-0.00126916762790643,-0.00701619062107056,1,31,0,1,0,0,0,1,0,0,1,0,0,0,1,0,1,1,1,0,1,1,0,1,0,0,0,1,0,0,0,0,0,0,0,0,0,0,0,0,1,0,1,5,2,"control"
5,0,0,0,0,20,16,105,15,103.123067328706,-0.454321052832529,1.22230532206595,-3.46886919646972,0.00397788733243942,0.0173169039865024,1,32,0,1,0,0,0,1,1,1,0,0,0,0,0,1,0,1,0,1,1,1,0,0,0,1,1,0,1,0,0,1,0,0,0,0,1,0,0,0,0,1,0,5,2,"control"
14,0,0,0,0,10,39,96,6,99.3137352028862,0.576305345934816,1.15287263412029,-8.65245604683064,0.000984563145320862,0.0311683260113932,0,27,0,1,0,0,0,1,0,0,0,1,1,0,0,0,0,0,0,0,0,0,1,0,0,0,0,0,0,0,0,1,0,0,0,0,0,0,0,0,0,0,0,5,2,"control"
13,0,0,0,0,9,6,112,4,105.125983399339,0.348218510881998,1.90900264517404,-9.75634103438022,0.0042491466877982,-0.00877424918813631,0,30,0,0,1,0,0,0,0,0,0,0,1,0,0,0,0,0,0,0,0,0,0,0,0,0,0,0,1,0,0,1,0,0,0,0,0,0,0,0,0,0,0,5,2,"control"
19,0,0,0,0,18,29,104,1,105.882994942367,-0.426616679015569,1.41678035561927,3.16842096163541,0.00382839685422368,0.00790593890473247,0,25,0,0,0,0,0,0,0,0,0,0,0,0,0,0,0,0,0,0,0,0,0,0,0,0,0,0,0,0,0,1,0,0,0,0,0,0,0,0,0,0,0,5,2,"control"
2,0,0,0,0,12,32,102,6,99.731778181158,-0.559799018804915,1.7023295443505,2.79807375677667,-0.000401036981493235,0.0235706283920445,0,34,0,0,0,0,0,0,0,0,1,0,0,0,0,0,1,1,0,0,0,1,0,0,0,0,0,1,0,0,0,0,0,1,0,0,0,0,0,0,0,0,0,6,2,"control"
3,0,0,0,0,34,31,103,17,99.3936094734818,0.474661182216369,1.14658380951732,-2.79311437334078,-0.00302626365679316,0.0320298115699552,1,32,0,1,0,0,1,0,0,0,1,0,1,1,1,0,0,0,0,1,1,0,0,0,0,1,1,1,0,0,1,0,1,1,1,0,1,0,0,0,1,0,0,6,2,"control"
17,0,0,0,0,37,28,161,13,125.011704247445,-0.306477967766114,1.89985892013647,-7.0933887635033,-0.00126916762790643,-0.00701619062107056,1,31,0,1,0,0,0,1,0,0,1,0,0,0,1,0,1,1,1,0,1,1,0,1,0,0,0,1,0,0,0,0,0,0,0,0,0,0,0,0,1,0,1,6,2,"control"
5,0,0,0,0,18,11,105,15,103.123067328706,-0.454321052832529,1.22230532206595,-3.46886919646972,0.00397788733243942,0.0173169039865024,1,32,0,1,0,0,0,1,1,1,0,0,0,0,0,1,0,1,0,1,1,1,0,0,0,1,1,0,1,0,0,1,0,0,0,0,1,0,0,0,0,1,0,6,2,"control"
13,0,0,0,0,31,15,93,4,105.125983399339,0.348218510881998,1.90900264517404,-9.75634103438022,0.0042491466877982,-0.00877424918813631,0,30,0,0,1,0,0,0,0,0,0,0,1,0,0,0,0,0,0,0,0,0,0,0,0,0,0,0,1,0,0,1,0,0,0,0,0,0,0,0,0,0,0,6,2,"control"
14,0,0,0,0,33,39,100,6,99.3137352028862,0.576305345934816,1.15287263412029,-8.65245604683064,0.000984563145320862,0.0311683260113932,0,27,0,1,0,0,0,1,0,0,0,1,1,0,0,0,0,0,0,0,0,0,1,0,0,0,0,0,0,0,0,1,0,0,0,0,0,0,0,0,0,0,0,6,2,"control"
19,0,0,0,0,8,21,111,1,105.882994942367,-0.426616679015569,1.41678035561927,3.16842096163541,0.00382839685422368,0.00790593890473247,0,25,0,0,0,0,0,0,0,0,0,0,0,0,0,0,0,0,0,0,0,0,0,0,0,0,0,0,0,0,0,1,0,0,0,0,0,0,0,0,0,0,0,6,2,"control"
3,0,0,0,0,34,20,98,17,99.3936094734818,0.474661182216369,1.14658380951732,-2.79311437334078,-0.00302626365679316,0.0320298115699552,1,32,0,1,0,0,1,0,0,0,1,0,1,1,1,0,0,0,0,1,1,0,0,0,0,1,1,1,0,0,1,0,1,1,1,0,1,0,0,0,1,0,0,7,2,"control"
2,0,0,0,0,18,2,101,6,99.731778181158,-0.559799018804915,1.7023295443505,2.79807375677667,-0.000401036981493235,0.0235706283920445,0,34,0,0,0,0,0,0,0,0,1,0,0,0,0,0,1,1,0,0,0,1,0,0,0,0,0,1,0,0,0,0,0,1,0,0,0,0,0,0,0,0,0,7,2,"control"
17,0,0,0,0,1,30,151,13,125.011704247445,-0.306477967766114,1.89985892013647,-7.0933887635033,-0.00126916762790643,-0.00701619062107056,1,31,0,1,0,0,0,1,0,0,1,0,0,0,1,0,1,1,1,0,1,1,0,1,0,0,0,1,0,0,0,0,0,0,0,0,0,0,0,0,1,0,1,7,2,"control"
5,0,0,0,0,18,6,104,15,103.123067328706,-0.454321052832529,1.22230532206595,-3.46886919646972,0.00397788733243942,0.0173169039865024,1,32,0,1,0,0,0,1,1,1,0,0,0,0,0,1,0,1,0,1,1,1,0,0,0,1,1,0,1,0,0,1,0,0,0,0,1,0,0,0,0,1,0,7,2,"control"
14,0,0,0,0,4,17,103,6,99.3137352028862,0.576305345934816,1.15287263412029,-8.65245604683064,0.000984563145320862,0.0311683260113932,0,27,0,1,0,0,0,1,0,0,0,1,1,0,0,0,0,0,0,0,0,0,1,0,0,0,0,0,0,0,0,1,0,0,0,0,0,0,0,0,0,0,0,7,2,"control"
13,0,0,0,0,24,6,107,4,105.125983399339,0.348218510881998,1.90900264517404,-9.75634103438022,0.0042491466877982,-0.00877424918813631,0,30,0,0,1,0,0,0,0,0,0,0,1,0,0,0,0,0,0,0,0,0,0,0,0,0,0,0,1,0,0,1,0,0,0,0,0,0,0,0,0,0,0,7,2,"control"
19,0,0,0,0,5,15,113,1,105.882994942367,-0.426616679015569,1.41678035561927,3.16842096163541,0.00382839685422368,0.00790593890473247,0,25,0,0,0,0,0,0,0,0,0,0,0,0,0,0,0,0,0,0,0,0,0,0,0,0,0,0,0,0,0,1,0,0,0,0,0,0,0,0,0,0,0,7,2,"control"
2,0,0,0,0,16,11,100,6,99.731778181158,-0.559799018804915,1.7023295443505,2.79807375677667,-0.000401036981493235,0.0235706283920445,0,34,0,0,0,0,0,0,0,0,1,0,0,0,0,0,1,1,0,0,0,1,0,0,0,0,0,1,0,0,0,0,0,1,0,0,0,0,0,0,0,0,0,8,2,"control"
3,0,0,0,0,36,4,102,17,99.3936094734818,0.474661182216369,1.14658380951732,-2.79311437334078,-0.00302626365679316,0.0320298115699552,1,32,0,1,0,0,1,0,0,0,1,0,1,1,1,0,0,0,0,1,1,0,0,0,0,1,1,1,0,0,1,0,1,1,1,0,1,0,0,0,1,0,0,8,2,"control"
17,0,0,0,0,33,13,130,13,125.011704247445,-0.306477967766114,1.89985892013647,-7.0933887635033,-0.00126916762790643,-0.00701619062107056,1,31,0,1,0,0,0,1,0,0,1,0,0,0,1,0,1,1,1,0,1,1,0,1,0,0,0,1,0,0,0,0,0,0,0,0,0,0,0,0,1,0,1,8,2,"control"
5,0,0,0,0,32,16,94,15,103.123067328706,-0.454321052832529,1.22230532206595,-3.46886919646972,0.00397788733243942,0.0173169039865024,1,32,0,1,0,0,0,1,1,1,0,0,0,0,0,1,0,1,0,1,1,1,0,0,0,1,1,0,1,0,0,1,0,0,0,0,1,0,0,0,0,1,0,8,2,"control"
3,0,0,0,0,33,23,95,17,99.3936094734818,0.474661182216369,1.14658380951732,-2.79311437334078,-0.00302626365679316,0.0320298115699552,1,32,0,1,0,0,1,0,0,0,1,0,1,1,1,0,0,0,0,1,1,0,0,0,0,1,1,1,0,0,1,0,1,1,1,0,1,0,0,0,1,0,0,9,2,"control"
2,0,0,0,0,11,5,97,6,99.731778181158,-0.559799018804915,1.7023295443505,2.79807375677667,-0.000401036981493235,0.0235706283920445,0,34,0,0,0,0,0,0,0,0,1,0,0,0,0,0,1,1,0,0,0,1,0,0,0,0,0,1,0,0,0,0,0,1,0,0,0,0,0,0,0,0,0,9,2,"control"
17,0,0,0,0,13,20,132,13,125.011704247445,-0.306477967766114,1.89985892013647,-7.0933887635033,-0.00126916762790643,-0.00701619062107056,1,31,0,1,0,0,0,1,0,0,1,0,0,0,1,0,1,1,1,0,1,1,0,1,0,0,0,1,0,0,0,0,0,0,0,0,0,0,0,0,1,0,1,9,2,"control"
5,0,0,0,0,24,9,110,15,103.123067328706,-0.454321052832529,1.22230532206595,-3.46886919646972,0.00397788733243942,0.0173169039865024,1,32,0,1,0,0,0,1,1,1,0,0,0,0,0,1,0,1,0,1,1,1,0,0,0,1,1,0,1,0,0,1,0,0,0,0,1,0,0,0,0,1,0,9,2,"control"
3,0,0,0,0,40,37,98,17,99.3936094734818,0.474661182216369,1.14658380951732,-2.79311437334078,-0.00302626365679316,0.0320298115699552,1,32,0,1,0,0,1,0,0,0,1,0,1,1,1,0,0,0,0,1,1,0,0,0,0,1,1,1,0,0,1,0,1,1,1,0,1,0,0,0,1,0,0,10,2,"control"
2,0,0,0,0,26,7,92,6,99.731778181158,-0.559799018804915,1.7023295443505,2.79807375677667,-0.000401036981493235,0.0235706283920445,0,34,0,0,0,0,0,0,0,0,1,0,0,0,0,0,1,1,0,0,0,1,0,0,0,0,0,1,0,0,0,0,0,1,0,0,0,0,0,0,0,0,0,10,2,"control"
17,0,0,0,0,10,4,131,13,125.011704247445,-0.306477967766114,1.89985892013647,-7.0933887635033,-0.00126916762790643,-0.00701619062107056,1,31,0,1,0,0,0,1,0,0,1,0,0,0,1,0,1,1,1,0,1,1,0,1,0,0,0,1,0,0,0,0,0,0,0,0,0,0,0,0,1,0,1,10,2,"control"
5,0,0,0,0,38,21,102,15,103.123067328706,-0.454321052832529,1.22230532206595,-3.46886919646972,0.00397788733243942,0.0173169039865024,1,32,0,1,0,0,0,1,1,1,0,0,0,0,0,1,0,1,0,1,1,1,0,0,0,1,1,0,1,0,0,1,0,0,0,0,1,0,0,0,0,1,0,10,2,"control"
3,0,0,0,0,2,34,104,17,99.3936094734818,0.474661182216369,1.14658380951732,-2.79311437334078,-0.00302626365679316,0.0320298115699552,1,32,0,1,0,0,1,0,0,0,1,0,1,1,1,0,0,0,0,1,1,0,0,0,0,1,1,1,0,0,1,0,1,1,1,0,1,0,0,0,1,0,0,11,2,"control"
2,0,0,0,0,3,15,100,6,99.731778181158,-0.559799018804915,1.7023295443505,2.79807375677667,-0.000401036981493235,0.0235706283920445,0,34,0,0,0,0,0,0,0,0,1,0,0,0,0,0,1,1,0,0,0,1,0,0,0,0,0,1,0,0,0,0,0,1,0,0,0,0,0,0,0,0,0,11,2,"control"
17,0,0,0,0,9,28,132,13,125.011704247445,-0.306477967766114,1.89985892013647,-7.0933887635033,-0.00126916762790643,-0.00701619062107056,1,31,0,1,0,0,0,1,0,0,1,0,0,0,1,0,1,1,1,0,1,1,0,1,0,0,0,1,0,0,0,0,0,0,0,0,0,0,0,0,1,0,1,11,2,"control"
5,0,0,0,0,21,13,102,15,103.123067328706,-0.454321052832529,1.22230532206595,-3.46886919646972,0.00397788733243942,0.0173169039865024,1,32,0,1,0,0,0,1,1,1,0,0,0,0,0,1,0,1,0,1,1,1,0,0,0,1,1,0,1,0,0,1,0,0,0,0,1,0,0,0,0,1,0,11,2,"control"
2,0,0,0,0,21,26,100,6,99.731778181158,-0.559799018804915,1.7023295443505,2.79807375677667,-0.000401036981493235,0.0235706283920445,0,34,0,0,0,0,0,0,0,0,1,0,0,0,0,0,1,1,0,0,0,1,0,0,0,0,0,1,0,0,0,0,0,1,0,0,0,0,0,0,0,0,0,12,2,"control"
3,0,0,0,0,16,34,101,17,99.3936094734818,0.474661182216369,1.14658380951732,-2.79311437334078,-0.00302626365679316,0.0320298115699552,1,32,0,1,0,0,1,0,0,0,1,0,1,1,1,0,0,0,0,1,1,0,0,0,0,1,1,1,0,0,1,0,1,1,1,0,1,0,0,0,1,0,0,12,2,"control"
17,0,0,0,0,36,22,137,13,125.011704247445,-0.306477967766114,1.89985892013647,-7.0933887635033,-0.00126916762790643,-0.00701619062107056,1,31,0,1,0,0,0,1,0,0,1,0,0,0,1,0,1,1,1,0,1,1,0,1,0,0,0,1,0,0,0,0,0,0,0,0,0,0,0,0,1,0,1,12,2,"control"
5,0,0,0,0,32,19,106,15,103.123067328706,-0.454321052832529,1.22230532206595,-3.46886919646972,0.00397788733243942,0.0173169039865024,1,32,0,1,0,0,0,1,1,1,0,0,0,0,0,1,0,1,0,1,1,1,0,0,0,1,1,0,1,0,0,1,0,0,0,0,1,0,0,0,0,1,0,12,2,"control"
3,0,0,0,0,37,15,101,17,99.3936094734818,0.474661182216369,1.14658380951732,-2.79311437334078,-0.00302626365679316,0.0320298115699552,1,32,0,1,0,0,1,0,0,0,1,0,1,1,1,0,0,0,0,1,1,0,0,0,0,1,1,1,0,0,1,0,1,1,1,0,1,0,0,0,1,0,0,13,2,"control"
2,0,0,0,0,19,40,104,6,99.731778181158,-0.559799018804915,1.7023295443505,2.79807375677667,-0.000401036981493235,0.0235706283920445,0,34,0,0,0,0,0,0,0,0,1,0,0,0,0,0,1,1,0,0,0,1,0,0,0,0,0,1,0,0,0,0,0,1,0,0,0,0,0,0,0,0,0,13,2,"control"
17,0,0,0,0,1,21,134,13,125.011704247445,-0.306477967766114,1.89985892013647,-7.0933887635033,-0.00126916762790643,-0.00701619062107056,1,31,0,1,0,0,0,1,0,0,1,0,0,0,1,0,1,1,1,0,1,1,0,1,0,0,0,1,0,0,0,0,0,0,0,0,0,0,0,0,1,0,1,13,2,"control"
5,0,0,0,0,17,18,101,15,103.123067328706,-0.454321052832529,1.22230532206595,-3.46886919646972,0.00397788733243942,0.0173169039865024,1,32,0,1,0,0,0,1,1,1,0,0,0,0,0,1,0,1,0,1,1,1,0,0,0,1,1,0,1,0,0,1,0,0,0,0,1,0,0,0,0,1,0,13,2,"control"
3,0,0,0,0,20,34,100,17,99.3936094734818,0.474661182216369,1.14658380951732,-2.79311437334078,-0.00302626365679316,0.0320298115699552,1,32,0,1,0,0,1,0,0,0,1,0,1,1,1,0,0,0,0,1,1,0,0,0,0,1,1,1,0,0,1,0,1,1,1,0,1,0,0,0,1,0,0,14,2,"control"
2,0,0,0,0,5,3,105,6,99.731778181158,-0.559799018804915,1.7023295443505,2.79807375677667,-0.000401036981493235,0.0235706283920445,0,34,0,0,0,0,0,0,0,0,1,0,0,0,0,0,1,1,0,0,0,1,0,0,0,0,0,1,0,0,0,0,0,1,0,0,0,0,0,0,0,0,0,14,2,"control"
17,0,0,0,0,4,15,128,13,125.011704247445,-0.306477967766114,1.89985892013647,-7.0933887635033,-0.00126916762790643,-0.00701619062107056,1,31,0,1,0,0,0,1,0,0,1,0,0,0,1,0,1,1,1,0,1,1,0,1,0,0,0,1,0,0,0,0,0,0,0,0,0,0,0,0,1,0,1,14,2,"control"
5,0,0,0,0,8,1,102,15,103.123067328706,-0.454321052832529,1.22230532206595,-3.46886919646972,0.00397788733243942,0.0173169039865024,1,32,0,1,0,0,0,1,1,1,0,0,0,0,0,1,0,1,0,1,1,1,0,0,0,1,1,0,1,0,0,1,0,0,0,0,1,0,0,0,0,1,0,14,2,"control"
3,0,0,0,0,6,10,102,17,99.3936094734818,0.474661182216369,1.14658380951732,-2.79311437334078,-0.00302626365679316,0.0320298115699552,1,32,0,1,0,0,1,0,0,0,1,0,1,1,1,0,0,0,0,1,1,0,0,0,0,1,1,1,0,0,1,0,1,1,1,0,1,0,0,0,1,0,0,15,2,"control"
2,0,0,0,0,9,25,100,6,99.731778181158,-0.559799018804915,1.7023295443505,2.79807375677667,-0.000401036981493235,0.0235706283920445,0,34,0,0,0,0,0,0,0,0,1,0,0,0,0,0,1,1,0,0,0,1,0,0,0,0,0,1,0,0,0,0,0,1,0,0,0,0,0,0,0,0,0,15,2,"control"
17,0,0,0,0,21,4,127,13,125.011704247445,-0.306477967766114,1.89985892013647,-7.0933887635033,-0.00126916762790643,-0.00701619062107056,1,31,0,1,0,0,0,1,0,0,1,0,0,0,1,0,1,1,1,0,1,1,0,1,0,0,0,1,0,0,0,0,0,0,0,0,0,0,0,0,1,0,1,15,2,"control"
5,0,0,0,0,26,20,109,15,103.123067328706,-0.454321052832529,1.22230532206595,-3.46886919646972,0.00397788733243942,0.0173169039865024,1,32,0,1,0,0,0,1,1,1,0,0,0,0,0,1,0,1,0,1,1,1,0,0,0,1,1,0,1,0,0,1,0,0,0,0,1,0,0,0,0,1,0,15,2,"control"
3,0,0,0,0,21,15,100,17,99.3936094734818,0.474661182216369,1.14658380951732,-2.79311437334078,-0.00302626365679316,0.0320298115699552,1,32,0,1,0,0,1,0,0,0,1,0,1,1,1,0,0,0,0,1,1,0,0,0,0,1,1,1,0,0,1,0,1,1,1,0,1,0,0,0,1,0,0,16,2,"control"
2,0,0,0,0,13,39,103,6,99.731778181158,-0.559799018804915,1.7023295443505,2.79807375677667,-0.000401036981493235,0.0235706283920445,0,34,0,0,0,0,0,0,0,0,1,0,0,0,0,0,1,1,0,0,0,1,0,0,0,0,0,1,0,0,0,0,0,1,0,0,0,0,0,0,0,0,0,16,2,"control"
5,0,0,0,0,27,29,101,15,103.123067328706,-0.454321052832529,1.22230532206595,-3.46886919646972,0.00397788733243942,0.0173169039865024,1,32,0,1,0,0,0,1,1,1,0,0,0,0,0,1,0,1,0,1,1,1,0,0,0,1,1,0,1,0,0,1,0,0,0,0,1,0,0,0,0,1,0,16,2,"control"
17,0,0,0,0,31,11,108,13,125.011704247445,-0.306477967766114,1.89985892013647,-7.0933887635033,-0.00126916762790643,-0.00701619062107056,1,31,0,1,0,0,0,1,0,0,1,0,0,0,1,0,1,1,1,0,1,1,0,1,0,0,0,1,0,0,0,0,0,0,0,0,0,0,0,0,1,0,1,16,2,"control"
3,0,0,0,0,4,10,101,17,99.3936094734818,0.474661182216369,1.14658380951732,-2.79311437334078,-0.00302626365679316,0.0320298115699552,1,32,0,1,0,0,1,0,0,0,1,0,1,1,1,0,0,0,0,1,1,0,0,0,0,1,1,1,0,0,1,0,1,1,1,0,1,0,0,0,1,0,0,17,2,"control"
2,0,0,0,0,27,20,104,6,99.731778181158,-0.559799018804915,1.7023295443505,2.79807375677667,-0.000401036981493235,0.0235706283920445,0,34,0,0,0,0,0,0,0,0,1,0,0,0,0,0,1,1,0,0,0,1,0,0,0,0,0,1,0,0,0,0,0,1,0,0,0,0,0,0,0,0,0,17,2,"control"
17,0,0,0,0,23,11,119,13,125.011704247445,-0.306477967766114,1.89985892013647,-7.0933887635033,-0.00126916762790643,-0.00701619062107056,1,31,0,1,0,0,0,1,0,0,1,0,0,0,1,0,1,1,1,0,1,1,0,1,0,0,0,1,0,0,0,0,0,0,0,0,0,0,0,0,1,0,1,17,2,"control"
5,0,0,0,0,25,5,100,15,103.123067328706,-0.454321052832529,1.22230532206595,-3.46886919646972,0.00397788733243942,0.0173169039865024,1,32,0,1,0,0,0,1,1,1,0,0,0,0,0,1,0,1,0,1,1,1,0,0,0,1,1,0,1,0,0,1,0,0,0,0,1,0,0,0,0,1,0,17,2,"control"
3,0,0,0,0,16,39,97,17,99.3936094734818,0.474661182216369,1.14658380951732,-2.79311437334078,-0.00302626365679316,0.0320298115699552,1,32,0,1,0,0,1,0,0,0,1,0,1,1,1,0,0,0,0,1,1,0,0,0,0,1,1,1,0,0,1,0,1,1,1,0,1,0,0,0,1,0,0,18,2,"control"
2,0,0,0,0,35,36,98,6,99.731778181158,-0.559799018804915,1.7023295443505,2.79807375677667,-0.000401036981493235,0.0235706283920445,0,34,0,0,0,0,0,0,0,0,1,0,0,0,0,0,1,1,0,0,0,1,0,0,0,0,0,1,0,0,0,0,0,1,0,0,0,0,0,0,0,0,0,18,2,"control"
17,0,0,0,0,31,18,139,13,125.011704247445,-0.306477967766114,1.89985892013647,-7.0933887635033,-0.00126916762790643,-0.00701619062107056,1,31,0,1,0,0,0,1,0,0,1,0,0,0,1,0,1,1,1,0,1,1,0,1,0,0,0,1,0,0,0,0,0,0,0,0,0,0,0,0,1,0,1,18,2,"control"
5,0,0,0,0,33,37,99,15,103.123067328706,-0.454321052832529,1.22230532206595,-3.46886919646972,0.00397788733243942,0.0173169039865024,1,32,0,1,0,0,0,1,1,1,0,0,0,0,0,1,0,1,0,1,1,1,0,0,0,1,1,0,1,0,0,1,0,0,0,0,1,0,0,0,0,1,0,18,2,"control"
3,0,0,0,0,16,27,108,17,99.3936094734818,0.474661182216369,1.14658380951732,-2.79311437334078,-0.00302626365679316,0.0320298115699552,1,32,0,1,0,0,1,0,0,0,1,0,1,1,1,0,0,0,0,1,1,0,0,0,0,1,1,1,0,0,1,0,1,1,1,0,1,0,0,0,1,0,0,19,2,"control"
2,0,0,0,0,34,20,97,6,99.731778181158,-0.559799018804915,1.7023295443505,2.79807375677667,-0.000401036981493235,0.0235706283920445,0,34,0,0,0,0,0,0,0,0,1,0,0,0,0,0,1,1,0,0,0,1,0,0,0,0,0,1,0,0,0,0,0,1,0,0,0,0,0,0,0,0,0,19,2,"control"
5,0,0,0,0,3,21,105,15,103.123067328706,-0.454321052832529,1.22230532206595,-3.46886919646972,0.00397788733243942,0.0173169039865024,1,32,0,1,0,0,0,1,1,1,0,0,0,0,0,1,0,1,0,1,1,1,0,0,0,1,1,0,1,0,0,1,0,0,0,0,1,0,0,0,0,1,0,19,2,"control"
2,0,0,0,0,38,4,100,6,99.731778181158,-0.559799018804915,1.7023295443505,2.79807375677667,-0.000401036981493235,0.0235706283920445,0,34,0,0,0,0,0,0,0,0,1,0,0,0,0,0,1,1,0,0,0,1,0,0,0,0,0,1,0,0,0,0,0,1,0,0,0,0,0,0,0,0,0,20,2,"control"
3,0,0,0,0,36,4,92,17,99.3936094734818,0.474661182216369,1.14658380951732,-2.79311437334078,-0.00302626365679316,0.0320298115699552,1,32,0,1,0,0,1,0,0,0,1,0,1,1,1,0,0,0,0,1,1,0,0,0,0,1,1,1,0,0,1,0,1,1,1,0,1,0,0,0,1,0,0,20,2,"control"
5,0,0,0,0,32,22,101,15,103.123067328706,-0.454321052832529,1.22230532206595,-3.46886919646972,0.00397788733243942,0.0173169039865024,1,32,0,1,0,0,0,1,1,1,0,0,0,0,0,1,0,1,0,1,1,1,0,0,0,1,1,0,1,0,0,1,0,0,0,0,1,0,0,0,0,1,0,20,2,"control"
