"speciesid","active","dead","pollinated","maturity","x_loc","y_loc","emergence","interactions","midpoint","scale","skew","midpoint.sensitivity","scale.sensitivity","skew.sensitivity","generalism","lifespan","seedlings","1","2","3","4","5","6","7","8","9","10","11","12","13","14","15","16","17","18","19","20","21","22","23","24","25","season","run","type"
1,0,0,0,0,0,0,0,4,149.890066408552,-0.430132580408826,1.1832938012667,-0.493747377968014,0.00286776272812858,0.0388391161547042,0,29,0,0,0,0,0,0,0,1,1,0,0,0,0,0,0,0,0,0,1,1,0,0,0,0,0,0,-1,13,"midpoint"
2,0,0,0,0,0,0,0,5,106.15790778771,0.583085473207757,1.12979284883477,-1.27329541733533,0.000226969510549679,-0.00338663551025093,0,26,0,0,0,0,0,1,0,0,0,1,0,0,0,1,0,0,0,0,1,0,0,0,0,0,1,0,-1,13,"midpoint"
3,0,0,0,0,0,0,0,11,126.079664127901,-0.560211830958724,1.48859380395152,-2.2664093517861,0.00108952124253847,0.0357455726223998,1,28,0,1,0,0,0,0,0,1,1,0,0,1,0,0,1,0,1,0,1,1,0,0,1,0,1,1,-1,13,"midpoint"
4,0,0,0,0,0,0,0,4,93.9323334954679,-0.360356275434606,1.71175080398098,2.11661339809643,0.00965637652087025,0.0145268643135205,0,27,0,0,0,1,0,0,1,0,0,0,0,0,0,0,0,0,0,1,0,0,0,0,0,0,0,1,-1,13,"midpoint"
5,0,0,0,0,0,0,0,14,123.725569476373,-0.303846266283654,1.23323287372477,-12.2658284673267,0.00144450505031273,0.0154161618766375,1,39,0,1,0,1,0,1,0,0,1,1,1,0,1,1,1,0,1,0,1,0,1,1,0,0,0,1,-1,13,"midpoint"
6,0,0,0,0,0,0,0,9,143.666581450962,0.322032172442414,1.02343050506897,-0.488487775144859,0.00288680041208863,0.0330296507664025,1,28,0,0,1,0,1,1,0,0,0,1,0,0,0,1,1,0,0,0,0,1,1,0,1,0,0,0,-1,13,"midpoint"
7,0,0,0,0,0,0,0,6,95.9646705910563,-0.583026260090992,1.44684971845709,1.7323264276702,-0.00319682771340013,-0.00846741163637489,1,30,0,0,0,0,0,0,1,0,1,0,0,0,0,1,1,0,1,0,1,0,0,0,0,0,0,0,-1,13,"midpoint"
8,0,0,0,0,0,0,0,12,105.926371207461,-0.560776042356156,1.01918612932786,-3.61390152071793,-0.00440677842358127,0.039623435921967,1,20,0,1,0,1,1,1,0,0,0,0,0,1,0,1,1,0,0,0,1,1,0,1,1,0,1,0,-1,13,"midpoint"
9,0,0,0,0,0,0,0,6,109.611659450457,-0.341249647387303,1.78469608328305,-13.2745205796131,0.0099975090380758,0.0175137263699435,0,34,0,0,0,0,0,0,0,1,1,0,0,0,0,0,1,1,0,0,0,0,1,0,0,0,1,0,-1,13,"midpoint"
10,0,0,0,0,0,0,0,5,133.803932229057,0.413546897261403,1.18741822149605,-5.8419156616323,0.00452739957487211,-0.00885224832687527,0,38,0,1,1,0,0,0,0,1,0,0,1,0,1,0,0,0,0,0,0,0,0,0,0,0,0,0,-1,13,"midpoint"
11,0,0,0,0,0,0,0,14,93.3577173622325,0.504989521228708,1.17922152834944,-8.06254065194756,0.00835512674762867,-0.00219498734455556,1,27,0,1,0,0,1,1,0,1,0,1,0,1,0,1,0,1,1,0,1,1,1,0,1,0,0,1,-1,13,"midpoint"
12,0,0,0,0,0,0,0,6,120.784124415368,-0.30414271177724,1.24175504478626,-7.76690388982071,-0.004610482318094,0.0260923585714772,0,38,0,0,1,0,0,0,0,0,0,0,0,1,0,0,0,0,0,0,0,0,0,1,1,1,0,1,-1,13,"midpoint"
13,0,0,0,0,0,0,0,3,96.273307017982,-0.489340184815228,1.91180581273511,1.49971702022222,0.00748207518015988,0.0224247149983421,0,25,0,0,0,0,1,0,0,0,0,0,0,0,0,0,0,0,0,0,1,0,0,1,0,0,0,0,-1,13,"midpoint"
14,0,0,0,0,0,0,0,6,134.978695563041,0.41345420605503,1.58473873022012,-3.43154379774761,-0.000418315971037374,0.0185856491886079,0,32,0,0,0,0,0,0,0,1,0,0,1,1,0,0,0,1,0,0,0,0,0,0,1,1,0,0,-1,13,"midpoint"
15,0,0,0,0,0,0,0,5,117.447391399182,-0.469762833137065,1.71269695484079,-2.10227758589394,0.00357354156440124,0.0287113626231439,0,35,0,0,0,0,0,1,0,0,1,0,0,0,0,0,0,1,0,1,0,0,1,0,0,0,0,0,-1,13,"midpoint"
16,0,0,0,0,0,0,0,13,129.311004574411,-0.309049483970739,1.39095658785664,-9.92570222679753,0.00718022060347721,0.0312363966461271,1,26,0,1,1,0,1,1,1,1,0,0,0,1,1,1,0,1,0,1,0,1,0,0,1,0,0,0,-1,13,"midpoint"
17,0,0,0,0,0,0,0,16,96.0710702463984,0.489741559443064,1.90694821788929,2.04436314248721,0.00339500354137272,0.0221097773383372,1,30,0,1,1,1,1,1,0,0,0,1,1,1,1,0,1,0,1,0,1,0,1,1,1,1,0,0,-1,13,"midpoint"
18,0,0,0,0,0,0,0,8,147.557224938646,-0.436145353736356,1.31737418333068,-3.58158615797624,0.00613979402114637,0.0289147804235108,1,33,0,0,0,0,0,0,0,0,0,1,0,1,0,1,1,0,1,1,1,0,0,0,0,1,0,0,-1,13,"midpoint"
19,0,0,0,0,0,0,0,4,98.0903100594878,0.522994239768013,1.83002526219934,4.43126083846351,0.00489378612022847,0.00115602265344933,0,24,0,0,0,0,0,1,0,0,1,0,0,0,0,0,0,0,1,0,0,0,0,1,0,0,0,0,-1,13,"midpoint"
20,0,0,0,0,0,0,0,1,111.135908011347,0.551281134970486,1.31219211965799,2.30952488141441,0.00697691189823672,0.0255418171035126,0,26,0,0,0,0,0,0,0,0,0,0,0,1,0,0,0,0,0,0,0,0,0,0,0,0,0,0,-1,13,"midpoint"
1,0,0,0,0,28,6,150,4,149.890066408552,-0.430132580408826,1.1832938012667,-0.493747377968014,0.00286776272812858,0.0388391161547042,0,29,0,0,0,0,0,0,0,1,1,0,0,0,0,0,0,0,0,0,1,1,0,0,0,0,0,0,0,13,"midpoint"
2,0,0,0,0,16,26,103,5,106.15790778771,0.583085473207757,1.12979284883477,-1.27329541733533,0.000226969510549679,-0.00338663551025093,0,26,0,0,0,0,0,1,0,0,0,1,0,0,0,1,0,0,0,0,1,0,0,0,0,0,1,0,0,13,"midpoint"
3,0,0,0,0,6,4,131,11,126.079664127901,-0.560211830958724,1.48859380395152,-2.2664093517861,0.00108952124253847,0.0357455726223998,1,28,0,1,0,0,0,0,0,1,1,0,0,1,0,0,1,0,1,0,1,1,0,0,1,0,1,1,0,13,"midpoint"
4,0,0,0,0,26,31,104,4,93.9323334954679,-0.360356275434606,1.71175080398098,2.11661339809643,0.00965637652087025,0.0145268643135205,0,27,0,0,0,1,0,0,1,0,0,0,0,0,0,0,0,0,0,1,0,0,0,0,0,0,0,1,0,13,"midpoint"
5,0,0,0,0,37,19,126,14,123.725569476373,-0.303846266283654,1.23323287372477,-12.2658284673267,0.00144450505031273,0.0154161618766375,1,39,0,1,0,1,0,1,0,0,1,1,1,0,1,1,1,0,1,0,1,0,1,1,0,0,0,1,0,13,"midpoint"
6,0,0,0,0,25,16,150,9,143.666581450962,0.322032172442414,1.02343050506897,-0.488487775144859,0.00288680041208863,0.0330296507664025,1,28,0,0,1,0,1,1,0,0,0,1,0,0,0,1,1,0,0,0,0,1,1,0,1,0,0,0,0,13,"midpoint"
7,0,0,0,0,1,38,94,6,95.9646705910563,-0.583026260090992,1.44684971845709,1.7323264276702,-0.00319682771340013,-0.00846741163637489,1,30,0,0,0,0,0,0,1,0,1,0,0,0,0,1,1,0,1,0,1,0,0,0,0,0,0,0,0,13,"midpoint"
8,0,0,0,0,33,38,104,12,105.926371207461,-0.560776042356156,1.01918612932786,-3.61390152071793,-0.00440677842358127,0.039623435921967,1,20,0,1,0,1,1,1,0,0,0,0,0,1,0,1,1,0,0,0,1,1,0,1,1,0,1,0,0,13,"midpoint"
9,0,0,0,0,36,5,116,6,109.611659450457,-0.341249647387303,1.78469608328305,-13.2745205796131,0.0099975090380758,0.0175137263699435,0,34,0,0,0,0,0,0,0,1,1,0,0,0,0,0,1,1,0,0,0,0,1,0,0,0,1,0,0,13,"midpoint"
10,0,0,0,0,26,34,133,5,133.803932229057,0.413546897261403,1.18741822149605,-5.8419156616323,0.00452739957487211,-0.00885224832687527,0,38,0,1,1,0,0,0,0,1,0,0,1,0,1,0,0,0,0,0,0,0,0,0,0,0,0,0,0,13,"midpoint"
11,0,0,0,0,24,32,94,14,93.3577173622325,0.504989521228708,1.17922152834944,-8.06254065194756,0.00835512674762867,-0.00219498734455556,1,27,0,1,0,0,1,1,0,1,0,1,0,1,0,1,0,1,1,0,1,1,1,0,1,0,0,1,0,13,"midpoint"
12,0,0,0,0,9,38,122,6,120.784124415368,-0.30414271177724,1.24175504478626,-7.76690388982071,-0.004610482318094,0.0260923585714772,0,38,0,0,1,0,0,0,0,0,0,0,0,1,0,0,0,0,0,0,0,0,0,1,1,1,0,1,0,13,"midpoint"
13,0,0,0,0,7,3,107,3,96.273307017982,-0.489340184815228,1.91180581273511,1.49971702022222,0.00748207518015988,0.0224247149983421,0,25,0,0,0,0,1,0,0,0,0,0,0,0,0,0,0,0,0,0,1,0,0,1,0,0,0,0,0,13,"midpoint"
14,0,0,0,0,30,29,136,6,134.978695563041,0.41345420605503,1.58473873022012,-3.43154379774761,-0.000418315971037374,0.0185856491886079,0,32,0,0,0,0,0,0,0,1,0,0,1,1,0,0,0,1,0,0,0,0,0,0,1,1,0,0,0,13,"midpoint"
15,0,0,0,0,1,23,117,5,117.447391399182,-0.469762833137065,1.71269695484079,-2.10227758589394,0.00357354156440124,0.0287113626231439,0,35,0,0,0,0,0,1,0,0,1,0,0,0,0,0,0,1,0,1,0,0,1,0,0,0,0,0,0,13,"midpoint"
16,0,0,0,0,16,18,138,13,129.311004574411,-0.309049483970739,1.39095658785664,-9.92570222679753,0.00718022060347721,0.0312363966461271,1,26,0,1,1,0,1,1,1,1,0,0,0,1,1,1,0,1,0,1,0,1,0,0,1,0,0,0,0,13,"midpoint"
17,0,0,0,0,35,39,94,16,96.0710702463984,0.489741559443064,1.90694821788929,2.04436314248721,0.00339500354137272,0.0221097773383372,1,30,0,1,1,1,1,1,0,0,0,1,1,1,1,0,1,0,1,0,1,0,1,1,1,1,0,0,0,13,"midpoint"
18,0,0,0,0,5,17,154,8,147.557224938646,-0.436145353736356,1.31737418333068,-3.58158615797624,0.00613979402114637,0.0289147804235108,1,33,0,0,0,0,0,0,0,0,0,1,0,1,0,1,1,0,1,1,1,0,0,0,0,1,0,0,0,13,"midpoint"
19,0,0,0,0,33,36,96,4,98.0903100594878,0.522994239768013,1.83002526219934,4.43126083846351,0.00489378612022847,0.00115602265344933,0,24,0,0,0,0,0,1,0,0,1,0,0,0,0,0,0,0,1,0,0,0,0,1,0,0,0,0,0,13,"midpoint"
20,0,0,0,0,37,1,113,1,111.135908011347,0.551281134970486,1.31219211965799,2.30952488141441,0.00697691189823672,0.0255418171035126,0,26,0,0,0,0,0,0,0,0,0,0,0,1,0,0,0,0,0,0,0,0,0,0,0,0,0,0,0,13,"midpoint"
17,0,0,0,0,31,3,96,16,96.0710702463984,0.489741559443064,1.90694821788929,2.04436314248721,0.00339500354137272,0.0221097773383372,1,30,0,1,1,1,1,1,0,0,0,1,1,1,1,0,1,0,1,0,1,0,1,1,1,1,0,0,1,13,"midpoint"
11,0,0,0,0,22,7,96,14,93.3577173622325,0.504989521228708,1.17922152834944,-8.06254065194756,0.00835512674762867,-0.00219498734455556,1,27,0,1,0,0,1,1,0,1,0,1,0,1,0,1,0,1,1,0,1,1,1,0,1,0,0,1,1,13,"midpoint"
9,0,0,0,0,25,11,106,6,109.611659450457,-0.341249647387303,1.78469608328305,-13.2745205796131,0.0099975090380758,0.0175137263699435,0,34,0,0,0,0,0,0,0,1,1,0,0,0,0,0,1,1,0,0,0,0,1,0,0,0,1,0,1,13,"midpoint"
8,0,0,0,0,10,17,117,12,105.926371207461,-0.560776042356156,1.01918612932786,-3.61390152071793,-0.00440677842358127,0.039623435921967,1,20,0,1,0,1,1,1,0,0,0,0,0,1,0,1,1,0,0,0,1,1,0,1,1,0,1,0,1,13,"midpoint"
5,0,0,0,0,40,36,129,14,123.725569476373,-0.303846266283654,1.23323287372477,-12.2658284673267,0.00144450505031273,0.0154161618766375,1,39,0,1,0,1,0,1,0,0,1,1,1,0,1,1,1,0,1,0,1,0,1,1,0,0,0,1,1,13,"midpoint"
12,0,0,0,0,27,27,121,6,120.784124415368,-0.30414271177724,1.24175504478626,-7.76690388982071,-0.004610482318094,0.0260923585714772,0,38,0,0,1,0,0,0,0,0,0,0,0,1,0,0,0,0,0,0,0,0,0,1,1,1,0,1,1,13,"midpoint"
3,0,0,0,0,31,9,129,11,126.079664127901,-0.560211830958724,1.48859380395152,-2.2664093517861,0.00108952124253847,0.0357455726223998,1,28,0,1,0,0,0,0,0,1,1,0,0,1,0,0,1,0,1,0,1,1,0,0,1,0,1,1,1,13,"midpoint"
15,0,0,0,0,15,38,117,5,117.447391399182,-0.469762833137065,1.71269695484079,-2.10227758589394,0.00357354156440124,0.0287113626231439,0,35,0,0,0,0,0,1,0,0,1,0,0,0,0,0,0,1,0,1,0,0,1,0,0,0,0,0,1,13,"midpoint"
7,0,0,0,0,17,12,101,6,95.9646705910563,-0.583026260090992,1.44684971845709,1.7323264276702,-0.00319682771340013,-0.00846741163637489,1,30,0,0,0,0,0,0,1,0,1,0,0,0,0,1,1,0,1,0,1,0,0,0,0,0,0,0,1,13,"midpoint"
16,0,0,0,0,14,15,130,13,129.311004574411,-0.309049483970739,1.39095658785664,-9.92570222679753,0.00718022060347721,0.0312363966461271,1,26,0,1,1,0,1,1,1,1,0,0,0,1,1,1,0,1,0,1,0,1,0,0,1,0,0,0,1,13,"midpoint"
4,0,0,0,0,13,5,102,4,93.9323334954679,-0.360356275434606,1.71175080398098,2.11661339809643,0.00965637652087025,0.0145268643135205,0,27,0,0,0,1,0,0,1,0,0,0,0,0,0,0,0,0,0,1,0,0,0,0,0,0,0,1,1,13,"midpoint"
13,0,0,0,0,16,12,127,3,96.273307017982,-0.489340184815228,1.91180581273511,1.49971702022222,0.00748207518015988,0.0224247149983421,0,25,0,0,0,0,1,0,0,0,0,0,0,0,0,0,0,0,0,0,1,0,0,1,0,0,0,0,1,13,"midpoint"
6,0,0,0,0,33,33,142,9,143.666581450962,0.322032172442414,1.02343050506897,-0.488487775144859,0.00288680041208863,0.0330296507664025,1,28,0,0,1,0,1,1,0,0,0,1,0,0,0,1,1,0,0,0,0,1,1,0,1,0,0,0,1,13,"midpoint"
19,0,0,0,0,22,3,79,4,98.0903100594878,0.522994239768013,1.83002526219934,4.43126083846351,0.00489378612022847,0.00115602265344933,0,24,0,0,0,0,0,1,0,0,1,0,0,0,0,0,0,0,1,0,0,0,0,1,0,0,0,0,1,13,"midpoint"
2,0,0,0,0,1,30,109,5,106.15790778771,0.583085473207757,1.12979284883477,-1.27329541733533,0.000226969510549679,-0.00338663551025093,0,26,0,0,0,0,0,1,0,0,0,1,0,0,0,1,0,0,0,0,1,0,0,0,0,0,1,0,1,13,"midpoint"
14,0,0,0,0,39,18,137,6,134.978695563041,0.41345420605503,1.58473873022012,-3.43154379774761,-0.000418315971037374,0.0185856491886079,0,32,0,0,0,0,0,0,0,1,0,0,1,1,0,0,0,1,0,0,0,0,0,0,1,1,0,0,1,13,"midpoint"
10,0,0,0,0,30,3,127,5,133.803932229057,0.413546897261403,1.18741822149605,-5.8419156616323,0.00452739957487211,-0.00885224832687527,0,38,0,1,1,0,0,0,0,1,0,0,1,0,1,0,0,0,0,0,0,0,0,0,0,0,0,0,1,13,"midpoint"
18,0,0,0,0,40,29,146,8,147.557224938646,-0.436145353736356,1.31737418333068,-3.58158615797624,0.00613979402114637,0.0289147804235108,1,33,0,0,0,0,0,0,0,0,0,1,0,1,0,1,1,0,1,1,1,0,0,0,0,1,0,0,1,13,"midpoint"
1,0,0,0,0,9,17,146,4,149.890066408552,-0.430132580408826,1.1832938012667,-0.493747377968014,0.00286776272812858,0.0388391161547042,0,29,0,0,0,0,0,0,0,1,1,0,0,0,0,0,0,0,0,0,1,1,0,0,0,0,0,0,1,13,"midpoint"
17,0,0,0,0,36,36,90,16,96.0710702463984,0.489741559443064,1.90694821788929,2.04436314248721,0.00339500354137272,0.0221097773383372,1,30,0,1,1,1,1,1,0,0,0,1,1,1,1,0,1,0,1,0,1,0,1,1,1,1,0,0,2,13,"midpoint"
11,0,0,0,0,18,31,92,14,93.3577173622325,0.504989521228708,1.17922152834944,-8.06254065194756,0.00835512674762867,-0.00219498734455556,1,27,0,1,0,0,1,1,0,1,0,1,0,1,0,1,0,1,1,0,1,1,1,0,1,0,0,1,2,13,"midpoint"
5,0,0,0,0,33,8,123,14,123.725569476373,-0.303846266283654,1.23323287372477,-12.2658284673267,0.00144450505031273,0.0154161618766375,1,39,0,1,0,1,0,1,0,0,1,1,1,0,1,1,1,0,1,0,1,0,1,1,0,0,0,1,2,13,"midpoint"
9,0,0,0,0,8,40,99,6,109.611659450457,-0.341249647387303,1.78469608328305,-13.2745205796131,0.0099975090380758,0.0175137263699435,0,34,0,0,0,0,0,0,0,1,1,0,0,0,0,0,1,1,0,0,0,0,1,0,0,0,1,0,2,13,"midpoint"
8,0,0,0,0,40,22,106,12,105.926371207461,-0.560776042356156,1.01918612932786,-3.61390152071793,-0.00440677842358127,0.039623435921967,1,20,0,1,0,1,1,1,0,0,0,0,0,1,0,1,1,0,0,0,1,1,0,1,1,0,1,0,2,13,"midpoint"
3,0,0,0,0,32,35,127,11,126.079664127901,-0.560211830958724,1.48859380395152,-2.2664093517861,0.00108952124253847,0.0357455726223998,1,28,0,1,0,0,0,0,0,1,1,0,0,1,0,0,1,0,1,0,1,1,0,0,1,0,1,1,2,13,"midpoint"
7,0,0,0,0,38,39,96,6,95.9646705910563,-0.583026260090992,1.44684971845709,1.7323264276702,-0.00319682771340013,-0.00846741163637489,1,30,0,0,0,0,0,0,1,0,1,0,0,0,0,1,1,0,1,0,1,0,0,0,0,0,0,0,2,13,"midpoint"
12,0,0,0,0,37,20,126,6,120.784124415368,-0.30414271177724,1.24175504478626,-7.76690388982071,-0.004610482318094,0.0260923585714772,0,38,0,0,1,0,0,0,0,0,0,0,0,1,0,0,0,0,0,0,0,0,0,1,1,1,0,1,2,13,"midpoint"
4,0,0,0,0,15,38,106,4,93.9323334954679,-0.360356275434606,1.71175080398098,2.11661339809643,0.00965637652087025,0.0145268643135205,0,27,0,0,0,1,0,0,1,0,0,0,0,0,0,0,0,0,0,1,0,0,0,0,0,0,0,1,2,13,"midpoint"
15,0,0,0,0,36,20,121,5,117.447391399182,-0.469762833137065,1.71269695484079,-2.10227758589394,0.00357354156440124,0.0287113626231439,0,35,0,0,0,0,0,1,0,0,1,0,0,0,0,0,0,1,0,1,0,0,1,0,0,0,0,0,2,13,"midpoint"
16,0,0,0,0,4,37,137,13,129.311004574411,-0.309049483970739,1.39095658785664,-9.92570222679753,0.00718022060347721,0.0312363966461271,1,26,0,1,1,0,1,1,1,1,0,0,0,1,1,1,0,1,0,1,0,1,0,0,1,0,0,0,2,13,"midpoint"
2,0,0,0,0,14,31,107,5,106.15790778771,0.583085473207757,1.12979284883477,-1.27329541733533,0.000226969510549679,-0.00338663551025093,0,26,0,0,0,0,0,1,0,0,0,1,0,0,0,1,0,0,0,0,1,0,0,0,0,0,1,0,2,13,"midpoint"
14,0,0,0,0,4,12,127,6,134.978695563041,0.41345420605503,1.58473873022012,-3.43154379774761,-0.000418315971037374,0.0185856491886079,0,32,0,0,0,0,0,0,0,1,0,0,1,1,0,0,0,1,0,0,0,0,0,0,1,1,0,0,2,13,"midpoint"
6,0,0,0,0,27,18,143,9,143.666581450962,0.322032172442414,1.02343050506897,-0.488487775144859,0.00288680041208863,0.0330296507664025,1,28,0,0,1,0,1,1,0,0,0,1,0,0,0,1,1,0,0,0,0,1,1,0,1,0,0,0,2,13,"midpoint"
13,0,0,0,0,13,26,95,3,96.273307017982,-0.489340184815228,1.91180581273511,1.49971702022222,0.00748207518015988,0.0224247149983421,0,25,0,0,0,0,1,0,0,0,0,0,0,0,0,0,0,0,0,0,1,0,0,1,0,0,0,0,2,13,"midpoint"
10,0,0,0,0,29,14,132,5,133.803932229057,0.413546897261403,1.18741822149605,-5.8419156616323,0.00452739957487211,-0.00885224832687527,0,38,0,1,1,0,0,0,0,1,0,0,1,0,1,0,0,0,0,0,0,0,0,0,0,0,0,0,2,13,"midpoint"
19,0,0,0,0,40,2,101,4,98.0903100594878,0.522994239768013,1.83002526219934,4.43126083846351,0.00489378612022847,0.00115602265344933,0,24,0,0,0,0,0,1,0,0,1,0,0,0,0,0,0,0,1,0,0,0,0,1,0,0,0,0,2,13,"midpoint"
18,0,0,0,0,39,4,149,8,147.557224938646,-0.436145353736356,1.31737418333068,-3.58158615797624,0.00613979402114637,0.0289147804235108,1,33,0,0,0,0,0,0,0,0,0,1,0,1,0,1,1,0,1,1,1,0,0,0,0,1,0,0,2,13,"midpoint"
17,0,0,0,0,26,2,97,16,96.0710702463984,0.489741559443064,1.90694821788929,2.04436314248721,0.00339500354137272,0.0221097773383372,1,30,0,1,1,1,1,1,0,0,0,1,1,1,1,0,1,0,1,0,1,0,1,1,1,1,0,0,3,13,"midpoint"
11,0,0,0,0,12,9,95,14,93.3577173622325,0.504989521228708,1.17922152834944,-8.06254065194756,0.00835512674762867,-0.00219498734455556,1,27,0,1,0,0,1,1,0,1,0,1,0,1,0,1,0,1,1,0,1,1,1,0,1,0,0,1,3,13,"midpoint"
5,0,0,0,0,25,4,117,14,123.725569476373,-0.303846266283654,1.23323287372477,-12.2658284673267,0.00144450505031273,0.0154161618766375,1,39,0,1,0,1,0,1,0,0,1,1,1,0,1,1,1,0,1,0,1,0,1,1,0,0,0,1,3,13,"midpoint"
8,0,0,0,0,8,29,111,12,105.926371207461,-0.560776042356156,1.01918612932786,-3.61390152071793,-0.00440677842358127,0.039623435921967,1,20,0,1,0,1,1,1,0,0,0,0,0,1,0,1,1,0,0,0,1,1,0,1,1,0,1,0,3,13,"midpoint"
9,0,0,0,0,20,11,106,6,109.611659450457,-0.341249647387303,1.78469608328305,-13.2745205796131,0.0099975090380758,0.0175137263699435,0,34,0,0,0,0,0,0,0,1,1,0,0,0,0,0,1,1,0,0,0,0,1,0,0,0,1,0,3,13,"midpoint"
3,0,0,0,0,8,6,127,11,126.079664127901,-0.560211830958724,1.48859380395152,-2.2664093517861,0.00108952124253847,0.0357455726223998,1,28,0,1,0,0,0,0,0,1,1,0,0,1,0,0,1,0,1,0,1,1,0,0,1,0,1,1,3,13,"midpoint"
15,0,0,0,0,39,24,122,5,117.447391399182,-0.469762833137065,1.71269695484079,-2.10227758589394,0.00357354156440124,0.0287113626231439,0,35,0,0,0,0,0,1,0,0,1,0,0,0,0,0,0,1,0,1,0,0,1,0,0,0,0,0,3,13,"midpoint"
7,0,0,0,0,28,29,95,6,95.9646705910563,-0.583026260090992,1.44684971845709,1.7323264276702,-0.00319682771340013,-0.00846741163637489,1,30,0,0,0,0,0,0,1,0,1,0,0,0,0,1,1,0,1,0,1,0,0,0,0,0,0,0,3,13,"midpoint"
12,0,0,0,0,4,13,126,6,120.784124415368,-0.30414271177724,1.24175504478626,-7.76690388982071,-0.004610482318094,0.0260923585714772,0,38,0,0,1,0,0,0,0,0,0,0,0,1,0,0,0,0,0,0,0,0,0,1,1,1,0,1,3,13,"midpoint"
16,0,0,0,0,5,25,129,13,129.311004574411,-0.309049483970739,1.39095658785664,-9.92570222679753,0.00718022060347721,0.0312363966461271,1,26,0,1,1,0,1,1,1,1,0,0,0,1,1,1,0,1,0,1,0,1,0,0,1,0,0,0,3,13,"midpoint"
2,0,0,0,0,26,13,107,5,106.15790778771,0.583085473207757,1.12979284883477,-1.27329541733533,0.000226969510549679,-0.00338663551025093,0,26,0,0,0,0,0,1,0,0,0,1,0,0,0,1,0,0,0,0,1,0,0,0,0,0,1,0,3,13,"midpoint"
4,0,0,0,0,33,13,92,4,93.9323334954679,-0.360356275434606,1.71175080398098,2.11661339809643,0.00965637652087025,0.0145268643135205,0,27,0,0,0,1,0,0,1,0,0,0,0,0,0,0,0,0,0,1,0,0,0,0,0,0,0,1,3,13,"midpoint"
14,0,0,0,0,27,30,141,6,134.978695563041,0.41345420605503,1.58473873022012,-3.43154379774761,-0.000418315971037374,0.0185856491886079,0,32,0,0,0,0,0,0,0,1,0,0,1,1,0,0,0,1,0,0,0,0,0,0,1,1,0,0,3,13,"midpoint"
10,0,0,0,0,40,22,134,5,133.803932229057,0.413546897261403,1.18741822149605,-5.8419156616323,0.00452739957487211,-0.00885224832687527,0,38,0,1,1,0,0,0,0,1,0,0,1,0,1,0,0,0,0,0,0,0,0,0,0,0,0,0,3,13,"midpoint"
13,0,0,0,0,23,18,96,3,96.273307017982,-0.489340184815228,1.91180581273511,1.49971702022222,0.00748207518015988,0.0224247149983421,0,25,0,0,0,0,1,0,0,0,0,0,0,0,0,0,0,0,0,0,1,0,0,1,0,0,0,0,3,13,"midpoint"
6,0,0,0,0,15,35,140,9,143.666581450962,0.322032172442414,1.02343050506897,-0.488487775144859,0.00288680041208863,0.0330296507664025,1,28,0,0,1,0,1,1,0,0,0,1,0,0,0,1,1,0,0,0,0,1,1,0,1,0,0,0,3,13,"midpoint"
19,0,0,0,0,36,19,92,4,98.0903100594878,0.522994239768013,1.83002526219934,4.43126083846351,0.00489378612022847,0.00115602265344933,0,24,0,0,0,0,0,1,0,0,1,0,0,0,0,0,0,0,1,0,0,0,0,1,0,0,0,0,3,13,"midpoint"
18,0,0,0,0,18,8,146,8,147.557224938646,-0.436145353736356,1.31737418333068,-3.58158615797624,0.00613979402114637,0.0289147804235108,1,33,0,0,0,0,0,0,0,0,0,1,0,1,0,1,1,0,1,1,1,0,0,0,0,1,0,0,3,13,"midpoint"
17,0,0,0,0,4,31,93,16,96.0710702463984,0.489741559443064,1.90694821788929,2.04436314248721,0.00339500354137272,0.0221097773383372,1,30,0,1,1,1,1,1,0,0,0,1,1,1,1,0,1,0,1,0,1,0,1,1,1,1,0,0,4,13,"midpoint"
11,0,0,0,0,30,18,95,14,93.3577173622325,0.504989521228708,1.17922152834944,-8.06254065194756,0.00835512674762867,-0.00219498734455556,1,27,0,1,0,0,1,1,0,1,0,1,0,1,0,1,0,1,1,0,1,1,1,0,1,0,0,1,4,13,"midpoint"
8,0,0,0,0,29,36,110,12,105.926371207461,-0.560776042356156,1.01918612932786,-3.61390152071793,-0.00440677842358127,0.039623435921967,1,20,0,1,0,1,1,1,0,0,0,0,0,1,0,1,1,0,0,0,1,1,0,1,1,0,1,0,4,13,"midpoint"
5,0,0,0,0,23,38,128,14,123.725569476373,-0.303846266283654,1.23323287372477,-12.2658284673267,0.00144450505031273,0.0154161618766375,1,39,0,1,0,1,0,1,0,0,1,1,1,0,1,1,1,0,1,0,1,0,1,1,0,0,0,1,4,13,"midpoint"
9,0,0,0,0,15,10,101,6,109.611659450457,-0.341249647387303,1.78469608328305,-13.2745205796131,0.0099975090380758,0.0175137263699435,0,34,0,0,0,0,0,0,0,1,1,0,0,0,0,0,1,1,0,0,0,0,1,0,0,0,1,0,4,13,"midpoint"
2,0,0,0,0,38,12,106,5,106.15790778771,0.583085473207757,1.12979284883477,-1.27329541733533,0.000226969510549679,-0.00338663551025093,0,26,0,0,0,0,0,1,0,0,0,1,0,0,0,1,0,0,0,0,1,0,0,0,0,0,1,0,4,13,"midpoint"
15,0,0,0,0,7,38,123,5,117.447391399182,-0.469762833137065,1.71269695484079,-2.10227758589394,0.00357354156440124,0.0287113626231439,0,35,0,0,0,0,0,1,0,0,1,0,0,0,0,0,0,1,0,1,0,0,1,0,0,0,0,0,4,13,"midpoint"
16,0,0,0,0,31,4,132,13,129.311004574411,-0.309049483970739,1.39095658785664,-9.92570222679753,0.00718022060347721,0.0312363966461271,1,26,0,1,1,0,1,1,1,1,0,0,0,1,1,1,0,1,0,1,0,1,0,0,1,0,0,0,4,13,"midpoint"
7,0,0,0,0,12,26,96,6,95.9646705910563,-0.583026260090992,1.44684971845709,1.7323264276702,-0.00319682771340013,-0.00846741163637489,1,30,0,0,0,0,0,0,1,0,1,0,0,0,0,1,1,0,1,0,1,0,0,0,0,0,0,0,4,13,"midpoint"
3,0,0,0,0,40,29,126,11,126.079664127901,-0.560211830958724,1.48859380395152,-2.2664093517861,0.00108952124253847,0.0357455726223998,1,28,0,1,0,0,0,0,0,1,1,0,0,1,0,0,1,0,1,0,1,1,0,0,1,0,1,1,4,13,"midpoint"
14,0,0,0,0,1,40,134,6,134.978695563041,0.41345420605503,1.58473873022012,-3.43154379774761,-0.000418315971037374,0.0185856491886079,0,32,0,0,0,0,0,0,0,1,0,0,1,1,0,0,0,1,0,0,0,0,0,0,1,1,0,0,4,13,"midpoint"
12,0,0,0,0,2,28,128,6,120.784124415368,-0.30414271177724,1.24175504478626,-7.76690388982071,-0.004610482318094,0.0260923585714772,0,38,0,0,1,0,0,0,0,0,0,0,0,1,0,0,0,0,0,0,0,0,0,1,1,1,0,1,4,13,"midpoint"
4,0,0,0,0,11,27,94,4,93.9323334954679,-0.360356275434606,1.71175080398098,2.11661339809643,0.00965637652087025,0.0145268643135205,0,27,0,0,0,1,0,0,1,0,0,0,0,0,0,0,0,0,0,1,0,0,0,0,0,0,0,1,4,13,"midpoint"
10,0,0,0,0,37,12,132,5,133.803932229057,0.413546897261403,1.18741822149605,-5.8419156616323,0.00452739957487211,-0.00885224832687527,0,38,0,1,1,0,0,0,0,1,0,0,1,0,1,0,0,0,0,0,0,0,0,0,0,0,0,0,4,13,"midpoint"
6,0,0,0,0,37,22,145,9,143.666581450962,0.322032172442414,1.02343050506897,-0.488487775144859,0.00288680041208863,0.0330296507664025,1,28,0,0,1,0,1,1,0,0,0,1,0,0,0,1,1,0,0,0,0,1,1,0,1,0,0,0,4,13,"midpoint"
13,0,0,0,0,26,2,98,3,96.273307017982,-0.489340184815228,1.91180581273511,1.49971702022222,0.00748207518015988,0.0224247149983421,0,25,0,0,0,0,1,0,0,0,0,0,0,0,0,0,0,0,0,0,1,0,0,1,0,0,0,0,4,13,"midpoint"
18,0,0,0,0,32,12,143,8,147.557224938646,-0.436145353736356,1.31737418333068,-3.58158615797624,0.00613979402114637,0.0289147804235108,1,33,0,0,0,0,0,0,0,0,0,1,0,1,0,1,1,0,1,1,1,0,0,0,0,1,0,0,4,13,"midpoint"
19,0,0,0,0,12,35,92,4,98.0903100594878,0.522994239768013,1.83002526219934,4.43126083846351,0.00489378612022847,0.00115602265344933,0,24,0,0,0,0,0,1,0,0,1,0,0,0,0,0,0,0,1,0,0,0,0,1,0,0,0,0,4,13,"midpoint"
17,0,0,0,0,39,16,92,16,96.0710702463984,0.489741559443064,1.90694821788929,2.04436314248721,0.00339500354137272,0.0221097773383372,1,30,0,1,1,1,1,1,0,0,0,1,1,1,1,0,1,0,1,0,1,0,1,1,1,1,0,0,5,13,"midpoint"
11,0,0,0,0,30,24,88,14,93.3577173622325,0.504989521228708,1.17922152834944,-8.06254065194756,0.00835512674762867,-0.00219498734455556,1,27,0,1,0,0,1,1,0,1,0,1,0,1,0,1,0,1,1,0,1,1,1,0,1,0,0,1,5,13,"midpoint"
9,0,0,0,0,15,2,113,6,109.611659450457,-0.341249647387303,1.78469608328305,-13.2745205796131,0.0099975090380758,0.0175137263699435,0,34,0,0,0,0,0,0,0,1,1,0,0,0,0,0,1,1,0,0,0,0,1,0,0,0,1,0,5,13,"midpoint"
8,0,0,0,0,17,11,105,12,105.926371207461,-0.560776042356156,1.01918612932786,-3.61390152071793,-0.00440677842358127,0.039623435921967,1,20,0,1,0,1,1,1,0,0,0,0,0,1,0,1,1,0,0,0,1,1,0,1,1,0,1,0,5,13,"midpoint"
5,0,0,0,0,2,9,129,14,123.725569476373,-0.303846266283654,1.23323287372477,-12.2658284673267,0.00144450505031273,0.0154161618766375,1,39,0,1,0,1,0,1,0,0,1,1,1,0,1,1,1,0,1,0,1,0,1,1,0,0,0,1,5,13,"midpoint"
2,0,0,0,0,28,37,100,5,106.15790778771,0.583085473207757,1.12979284883477,-1.27329541733533,0.000226969510549679,-0.00338663551025093,0,26,0,0,0,0,0,1,0,0,0,1,0,0,0,1,0,0,0,0,1,0,0,0,0,0,1,0,5,13,"midpoint"
15,0,0,0,0,33,15,115,5,117.447391399182,-0.469762833137065,1.71269695484079,-2.10227758589394,0.00357354156440124,0.0287113626231439,0,35,0,0,0,0,0,1,0,0,1,0,0,0,0,0,0,1,0,1,0,0,1,0,0,0,0,0,5,13,"midpoint"
7,0,0,0,0,38,11,99,6,95.9646705910563,-0.583026260090992,1.44684971845709,1.7323264276702,-0.00319682771340013,-0.00846741163637489,1,30,0,0,0,0,0,0,1,0,1,0,0,0,0,1,1,0,1,0,1,0,0,0,0,0,0,0,5,13,"midpoint"
16,0,0,0,0,2,34,131,13,129.311004574411,-0.309049483970739,1.39095658785664,-9.92570222679753,0.00718022060347721,0.0312363966461271,1,26,0,1,1,0,1,1,1,1,0,0,0,1,1,1,0,1,0,1,0,1,0,0,1,0,0,0,5,13,"midpoint"
3,0,0,0,0,18,23,131,11,126.079664127901,-0.560211830958724,1.48859380395152,-2.2664093517861,0.00108952124253847,0.0357455726223998,1,28,0,1,0,0,0,0,0,1,1,0,0,1,0,0,1,0,1,0,1,1,0,0,1,0,1,1,5,13,"midpoint"
12,0,0,0,0,38,23,111,6,120.784124415368,-0.30414271177724,1.24175504478626,-7.76690388982071,-0.004610482318094,0.0260923585714772,0,38,0,0,1,0,0,0,0,0,0,0,0,1,0,0,0,0,0,0,0,0,0,1,1,1,0,1,5,13,"midpoint"
14,0,0,0,0,5,10,134,6,134.978695563041,0.41345420605503,1.58473873022012,-3.43154379774761,-0.000418315971037374,0.0185856491886079,0,32,0,0,0,0,0,0,0,1,0,0,1,1,0,0,0,1,0,0,0,0,0,0,1,1,0,0,5,13,"midpoint"
4,0,0,0,0,33,25,92,4,93.9323334954679,-0.360356275434606,1.71175080398098,2.11661339809643,0.00965637652087025,0.0145268643135205,0,27,0,0,0,1,0,0,1,0,0,0,0,0,0,0,0,0,0,1,0,0,0,0,0,0,0,1,5,13,"midpoint"
10,0,0,0,0,31,37,135,5,133.803932229057,0.413546897261403,1.18741822149605,-5.8419156616323,0.00452739957487211,-0.00885224832687527,0,38,0,1,1,0,0,0,0,1,0,0,1,0,1,0,0,0,0,0,0,0,0,0,0,0,0,0,5,13,"midpoint"
6,0,0,0,0,29,18,148,9,143.666581450962,0.322032172442414,1.02343050506897,-0.488487775144859,0.00288680041208863,0.0330296507664025,1,28,0,0,1,0,1,1,0,0,0,1,0,0,0,1,1,0,0,0,0,1,1,0,1,0,0,0,5,13,"midpoint"
13,0,0,0,0,37,10,91,3,96.273307017982,-0.489340184815228,1.91180581273511,1.49971702022222,0.00748207518015988,0.0224247149983421,0,25,0,0,0,0,1,0,0,0,0,0,0,0,0,0,0,0,0,0,1,0,0,1,0,0,0,0,5,13,"midpoint"
17,0,0,0,0,24,28,93,16,96.0710702463984,0.489741559443064,1.90694821788929,2.04436314248721,0.00339500354137272,0.0221097773383372,1,30,0,1,1,1,1,1,0,0,0,1,1,1,1,0,1,0,1,0,1,0,1,1,1,1,0,0,6,13,"midpoint"
11,0,0,0,0,20,17,92,14,93.3577173622325,0.504989521228708,1.17922152834944,-8.06254065194756,0.00835512674762867,-0.00219498734455556,1,27,0,1,0,0,1,1,0,1,0,1,0,1,0,1,0,1,1,0,1,1,1,0,1,0,0,1,6,13,"midpoint"
5,0,0,0,0,6,29,120,14,123.725569476373,-0.303846266283654,1.23323287372477,-12.2658284673267,0.00144450505031273,0.0154161618766375,1,39,0,1,0,1,0,1,0,0,1,1,1,0,1,1,1,0,1,0,1,0,1,1,0,0,0,1,6,13,"midpoint"
16,0,0,0,0,5,13,144,13,129.311004574411,-0.309049483970739,1.39095658785664,-9.92570222679753,0.00718022060347721,0.0312363966461271,1,26,0,1,1,0,1,1,1,1,0,0,0,1,1,1,0,1,0,1,0,1,0,0,1,0,0,0,6,13,"midpoint"
8,0,0,0,0,8,21,109,12,105.926371207461,-0.560776042356156,1.01918612932786,-3.61390152071793,-0.00440677842358127,0.039623435921967,1,20,0,1,0,1,1,1,0,0,0,0,0,1,0,1,1,0,0,0,1,1,0,1,1,0,1,0,6,13,"midpoint"
9,0,0,0,0,5,39,113,6,109.611659450457,-0.341249647387303,1.78469608328305,-13.2745205796131,0.0099975090380758,0.0175137263699435,0,34,0,0,0,0,0,0,0,1,1,0,0,0,0,0,1,1,0,0,0,0,1,0,0,0,1,0,6,13,"midpoint"
2,0,0,0,0,39,22,103,5,106.15790778771,0.583085473207757,1.12979284883477,-1.27329541733533,0.000226969510549679,-0.00338663551025093,0,26,0,0,0,0,0,1,0,0,0,1,0,0,0,1,0,0,0,0,1,0,0,0,0,0,1,0,6,13,"midpoint"
15,0,0,0,0,4,1,118,5,117.447391399182,-0.469762833137065,1.71269695484079,-2.10227758589394,0.00357354156440124,0.0287113626231439,0,35,0,0,0,0,0,1,0,0,1,0,0,0,0,0,0,1,0,1,0,0,1,0,0,0,0,0,6,13,"midpoint"
7,0,0,0,0,30,27,101,6,95.9646705910563,-0.583026260090992,1.44684971845709,1.7323264276702,-0.00319682771340013,-0.00846741163637489,1,30,0,0,0,0,0,0,1,0,1,0,0,0,0,1,1,0,1,0,1,0,0,0,0,0,0,0,6,13,"midpoint"
3,0,0,0,0,7,1,129,11,126.079664127901,-0.560211830958724,1.48859380395152,-2.2664093517861,0.00108952124253847,0.0357455726223998,1,28,0,1,0,0,0,0,0,1,1,0,0,1,0,0,1,0,1,0,1,1,0,0,1,0,1,1,6,13,"midpoint"
12,0,0,0,0,1,15,124,6,120.784124415368,-0.30414271177724,1.24175504478626,-7.76690388982071,-0.004610482318094,0.0260923585714772,0,38,0,0,1,0,0,0,0,0,0,0,0,1,0,0,0,0,0,0,0,0,0,1,1,1,0,1,6,13,"midpoint"
14,0,0,0,0,16,8,132,6,134.978695563041,0.41345420605503,1.58473873022012,-3.43154379774761,-0.000418315971037374,0.0185856491886079,0,32,0,0,0,0,0,0,0,1,0,0,1,1,0,0,0,1,0,0,0,0,0,0,1,1,0,0,6,13,"midpoint"
10,0,0,0,0,27,38,136,5,133.803932229057,0.413546897261403,1.18741822149605,-5.8419156616323,0.00452739957487211,-0.00885224832687527,0,38,0,1,1,0,0,0,0,1,0,0,1,0,1,0,0,0,0,0,0,0,0,0,0,0,0,0,6,13,"midpoint"
6,0,0,0,0,4,23,138,9,143.666581450962,0.322032172442414,1.02343050506897,-0.488487775144859,0.00288680041208863,0.0330296507664025,1,28,0,0,1,0,1,1,0,0,0,1,0,0,0,1,1,0,0,0,0,1,1,0,1,0,0,0,6,13,"midpoint"
4,0,0,0,0,28,15,99,4,93.9323334954679,-0.360356275434606,1.71175080398098,2.11661339809643,0.00965637652087025,0.0145268643135205,0,27,0,0,0,1,0,0,1,0,0,0,0,0,0,0,0,0,0,1,0,0,0,0,0,0,0,1,6,13,"midpoint"
13,0,0,0,0,40,37,98,3,96.273307017982,-0.489340184815228,1.91180581273511,1.49971702022222,0.00748207518015988,0.0224247149983421,0,25,0,0,0,0,1,0,0,0,0,0,0,0,0,0,0,0,0,0,1,0,0,1,0,0,0,0,6,13,"midpoint"
17,0,0,0,0,7,19,95,16,96.0710702463984,0.489741559443064,1.90694821788929,2.04436314248721,0.00339500354137272,0.0221097773383372,1,30,0,1,1,1,1,1,0,0,0,1,1,1,1,0,1,0,1,0,1,0,1,1,1,1,0,0,7,13,"midpoint"
11,0,0,0,0,5,7,94,14,93.3577173622325,0.504989521228708,1.17922152834944,-8.06254065194756,0.00835512674762867,-0.00219498734455556,1,27,0,1,0,0,1,1,0,1,0,1,0,1,0,1,0,1,1,0,1,1,1,0,1,0,0,1,7,13,"midpoint"
16,0,0,0,0,26,40,127,13,129.311004574411,-0.309049483970739,1.39095658785664,-9.92570222679753,0.00718022060347721,0.0312363966461271,1,26,0,1,1,0,1,1,1,1,0,0,0,1,1,1,0,1,0,1,0,1,0,0,1,0,0,0,7,13,"midpoint"
8,0,0,0,0,17,28,106,12,105.926371207461,-0.560776042356156,1.01918612932786,-3.61390152071793,-0.00440677842358127,0.039623435921967,1,20,0,1,0,1,1,1,0,0,0,0,0,1,0,1,1,0,0,0,1,1,0,1,1,0,1,0,7,13,"midpoint"
5,0,0,0,0,22,13,125,14,123.725569476373,-0.303846266283654,1.23323287372477,-12.2658284673267,0.00144450505031273,0.0154161618766375,1,39,0,1,0,1,0,1,0,0,1,1,1,0,1,1,1,0,1,0,1,0,1,1,0,0,0,1,7,13,"midpoint"
9,0,0,0,0,39,31,120,6,109.611659450457,-0.341249647387303,1.78469608328305,-13.2745205796131,0.0099975090380758,0.0175137263699435,0,34,0,0,0,0,0,0,0,1,1,0,0,0,0,0,1,1,0,0,0,0,1,0,0,0,1,0,7,13,"midpoint"
10,0,0,0,0,3,18,135,5,133.803932229057,0.413546897261403,1.18741822149605,-5.8419156616323,0.00452739957487211,-0.00885224832687527,0,38,0,1,1,0,0,0,0,1,0,0,1,0,1,0,0,0,0,0,0,0,0,0,0,0,0,0,7,13,"midpoint"
2,0,0,0,0,31,7,107,5,106.15790778771,0.583085473207757,1.12979284883477,-1.27329541733533,0.000226969510549679,-0.00338663551025093,0,26,0,0,0,0,0,1,0,0,0,1,0,0,0,1,0,0,0,0,1,0,0,0,0,0,1,0,7,13,"midpoint"
7,0,0,0,0,36,13,95,6,95.9646705910563,-0.583026260090992,1.44684971845709,1.7323264276702,-0.00319682771340013,-0.00846741163637489,1,30,0,0,0,0,0,0,1,0,1,0,0,0,0,1,1,0,1,0,1,0,0,0,0,0,0,0,7,13,"midpoint"
12,0,0,0,0,30,19,118,6,120.784124415368,-0.30414271177724,1.24175504478626,-7.76690388982071,-0.004610482318094,0.0260923585714772,0,38,0,0,1,0,0,0,0,0,0,0,0,1,0,0,0,0,0,0,0,0,0,1,1,1,0,1,7,13,"midpoint"
3,0,0,0,0,37,39,130,11,126.079664127901,-0.560211830958724,1.48859380395152,-2.2664093517861,0.00108952124253847,0.0357455726223998,1,28,0,1,0,0,0,0,0,1,1,0,0,1,0,0,1,0,1,0,1,1,0,0,1,0,1,1,7,13,"midpoint"
14,0,0,0,0,22,12,142,6,134.978695563041,0.41345420605503,1.58473873022012,-3.43154379774761,-0.000418315971037374,0.0185856491886079,0,32,0,0,0,0,0,0,0,1,0,0,1,1,0,0,0,1,0,0,0,0,0,0,1,1,0,0,7,13,"midpoint"
4,0,0,0,0,32,15,101,4,93.9323334954679,-0.360356275434606,1.71175080398098,2.11661339809643,0.00965637652087025,0.0145268643135205,0,27,0,0,0,1,0,0,1,0,0,0,0,0,0,0,0,0,0,1,0,0,0,0,0,0,0,1,7,13,"midpoint"
13,0,0,0,0,12,26,91,3,96.273307017982,-0.489340184815228,1.91180581273511,1.49971702022222,0.00748207518015988,0.0224247149983421,0,25,0,0,0,0,1,0,0,0,0,0,0,0,0,0,0,0,0,0,1,0,0,1,0,0,0,0,7,13,"midpoint"
15,0,0,0,0,38,8,113,5,117.447391399182,-0.469762833137065,1.71269695484079,-2.10227758589394,0.00357354156440124,0.0287113626231439,0,35,0,0,0,0,0,1,0,0,1,0,0,0,0,0,0,1,0,1,0,0,1,0,0,0,0,0,7,13,"midpoint"
17,0,0,0,0,27,37,93,16,96.0710702463984,0.489741559443064,1.90694821788929,2.04436314248721,0.00339500354137272,0.0221097773383372,1,30,0,1,1,1,1,1,0,0,0,1,1,1,1,0,1,0,1,0,1,0,1,1,1,1,0,0,8,13,"midpoint"
11,0,0,0,0,2,38,93,14,93.3577173622325,0.504989521228708,1.17922152834944,-8.06254065194756,0.00835512674762867,-0.00219498734455556,1,27,0,1,0,0,1,1,0,1,0,1,0,1,0,1,0,1,1,0,1,1,1,0,1,0,0,1,8,13,"midpoint"
8,0,0,0,0,8,17,107,12,105.926371207461,-0.560776042356156,1.01918612932786,-3.61390152071793,-0.00440677842358127,0.039623435921967,1,20,0,1,0,1,1,1,0,0,0,0,0,1,0,1,1,0,0,0,1,1,0,1,1,0,1,0,8,13,"midpoint"
5,0,0,0,0,10,35,113,14,123.725569476373,-0.303846266283654,1.23323287372477,-12.2658284673267,0.00144450505031273,0.0154161618766375,1,39,0,1,0,1,0,1,0,0,1,1,1,0,1,1,1,0,1,0,1,0,1,1,0,0,0,1,8,13,"midpoint"
9,0,0,0,0,30,32,111,6,109.611659450457,-0.341249647387303,1.78469608328305,-13.2745205796131,0.0099975090380758,0.0175137263699435,0,34,0,0,0,0,0,0,0,1,1,0,0,0,0,0,1,1,0,0,0,0,1,0,0,0,1,0,8,13,"midpoint"
2,0,0,0,0,26,25,105,5,106.15790778771,0.583085473207757,1.12979284883477,-1.27329541733533,0.000226969510549679,-0.00338663551025093,0,26,0,0,0,0,0,1,0,0,0,1,0,0,0,1,0,0,0,0,1,0,0,0,0,0,1,0,8,13,"midpoint"
12,0,0,0,0,27,2,121,6,120.784124415368,-0.30414271177724,1.24175504478626,-7.76690388982071,-0.004610482318094,0.0260923585714772,0,38,0,0,1,0,0,0,0,0,0,0,0,1,0,0,0,0,0,0,0,0,0,1,1,1,0,1,8,13,"midpoint"
14,0,0,0,0,32,27,118,6,134.978695563041,0.41345420605503,1.58473873022012,-3.43154379774761,-0.000418315971037374,0.0185856491886079,0,32,0,0,0,0,0,0,0,1,0,0,1,1,0,0,0,1,0,0,0,0,0,0,1,1,0,0,8,13,"midpoint"
7,0,0,0,0,37,27,100,6,95.9646705910563,-0.583026260090992,1.44684971845709,1.7323264276702,-0.00319682771340013,-0.00846741163637489,1,30,0,0,0,0,0,0,1,0,1,0,0,0,0,1,1,0,1,0,1,0,0,0,0,0,0,0,8,13,"midpoint"
3,0,0,0,0,35,7,124,11,126.079664127901,-0.560211830958724,1.48859380395152,-2.2664093517861,0.00108952124253847,0.0357455726223998,1,28,0,1,0,0,0,0,0,1,1,0,0,1,0,0,1,0,1,0,1,1,0,0,1,0,1,1,8,13,"midpoint"
16,0,0,0,0,33,34,134,13,129.311004574411,-0.309049483970739,1.39095658785664,-9.92570222679753,0.00718022060347721,0.0312363966461271,1,26,0,1,1,0,1,1,1,1,0,0,0,1,1,1,0,1,0,1,0,1,0,0,1,0,0,0,8,13,"midpoint"
10,0,0,0,0,3,15,132,5,133.803932229057,0.413546897261403,1.18741822149605,-5.8419156616323,0.00452739957487211,-0.00885224832687527,0,38,0,1,1,0,0,0,0,1,0,0,1,0,1,0,0,0,0,0,0,0,0,0,0,0,0,0,8,13,"midpoint"
4,0,0,0,0,19,14,91,4,93.9323334954679,-0.360356275434606,1.71175080398098,2.11661339809643,0.00965637652087025,0.0145268643135205,0,27,0,0,0,1,0,0,1,0,0,0,0,0,0,0,0,0,0,1,0,0,0,0,0,0,0,1,8,13,"midpoint"
13,0,0,0,0,27,11,103,3,96.273307017982,-0.489340184815228,1.91180581273511,1.49971702022222,0.00748207518015988,0.0224247149983421,0,25,0,0,0,0,1,0,0,0,0,0,0,0,0,0,0,0,0,0,1,0,0,1,0,0,0,0,8,13,"midpoint"
15,0,0,0,0,25,5,115,5,117.447391399182,-0.469762833137065,1.71269695484079,-2.10227758589394,0.00357354156440124,0.0287113626231439,0,35,0,0,0,0,0,1,0,0,1,0,0,0,0,0,0,1,0,1,0,0,1,0,0,0,0,0,8,13,"midpoint"
17,0,0,0,0,31,18,95,16,96.0710702463984,0.489741559443064,1.90694821788929,2.04436314248721,0.00339500354137272,0.0221097773383372,1,30,0,1,1,1,1,1,0,0,0,1,1,1,1,0,1,0,1,0,1,0,1,1,1,1,0,0,9,13,"midpoint"
11,0,0,0,0,10,37,95,14,93.3577173622325,0.504989521228708,1.17922152834944,-8.06254065194756,0.00835512674762867,-0.00219498734455556,1,27,0,1,0,0,1,1,0,1,0,1,0,1,0,1,0,1,1,0,1,1,1,0,1,0,0,1,9,13,"midpoint"
16,0,0,0,0,10,29,133,13,129.311004574411,-0.309049483970739,1.39095658785664,-9.92570222679753,0.00718022060347721,0.0312363966461271,1,26,0,1,1,0,1,1,1,1,0,0,0,1,1,1,0,1,0,1,0,1,0,0,1,0,0,0,9,13,"midpoint"
8,0,0,0,0,30,39,109,12,105.926371207461,-0.560776042356156,1.01918612932786,-3.61390152071793,-0.00440677842358127,0.039623435921967,1,20,0,1,0,1,1,1,0,0,0,0,0,1,0,1,1,0,0,0,1,1,0,1,1,0,1,0,9,13,"midpoint"
5,0,0,0,0,35,2,126,14,123.725569476373,-0.303846266283654,1.23323287372477,-12.2658284673267,0.00144450505031273,0.0154161618766375,1,39,0,1,0,1,0,1,0,0,1,1,1,0,1,1,1,0,1,0,1,0,1,1,0,0,0,1,9,13,"midpoint"
2,0,0,0,0,8,40,108,5,106.15790778771,0.583085473207757,1.12979284883477,-1.27329541733533,0.000226969510549679,-0.00338663551025093,0,26,0,0,0,0,0,1,0,0,0,1,0,0,0,1,0,0,0,0,1,0,0,0,0,0,1,0,9,13,"midpoint"
12,0,0,0,0,1,27,142,6,120.784124415368,-0.30414271177724,1.24175504478626,-7.76690388982071,-0.004610482318094,0.0260923585714772,0,38,0,0,1,0,0,0,0,0,0,0,0,1,0,0,0,0,0,0,0,0,0,1,1,1,0,1,9,13,"midpoint"
9,0,0,0,0,33,23,108,6,109.611659450457,-0.341249647387303,1.78469608328305,-13.2745205796131,0.0099975090380758,0.0175137263699435,0,34,0,0,0,0,0,0,0,1,1,0,0,0,0,0,1,1,0,0,0,0,1,0,0,0,1,0,9,13,"midpoint"
10,0,0,0,0,5,16,133,5,133.803932229057,0.413546897261403,1.18741822149605,-5.8419156616323,0.00452739957487211,-0.00885224832687527,0,38,0,1,1,0,0,0,0,1,0,0,1,0,1,0,0,0,0,0,0,0,0,0,0,0,0,0,9,13,"midpoint"
14,0,0,0,0,15,6,143,6,134.978695563041,0.41345420605503,1.58473873022012,-3.43154379774761,-0.000418315971037374,0.0185856491886079,0,32,0,0,0,0,0,0,0,1,0,0,1,1,0,0,0,1,0,0,0,0,0,0,1,1,0,0,9,13,"midpoint"
3,0,0,0,0,15,35,126,11,126.079664127901,-0.560211830958724,1.48859380395152,-2.2664093517861,0.00108952124253847,0.0357455726223998,1,28,0,1,0,0,0,0,0,1,1,0,0,1,0,0,1,0,1,0,1,1,0,0,1,0,1,1,9,13,"midpoint"
7,0,0,0,0,20,10,88,6,95.9646705910563,-0.583026260090992,1.44684971845709,1.7323264276702,-0.00319682771340013,-0.00846741163637489,1,30,0,0,0,0,0,0,1,0,1,0,0,0,0,1,1,0,1,0,1,0,0,0,0,0,0,0,9,13,"midpoint"
4,0,0,0,0,18,17,104,4,93.9323334954679,-0.360356275434606,1.71175080398098,2.11661339809643,0.00965637652087025,0.0145268643135205,0,27,0,0,0,1,0,0,1,0,0,0,0,0,0,0,0,0,0,1,0,0,0,0,0,0,0,1,9,13,"midpoint"
17,0,0,0,0,9,33,90,16,96.0710702463984,0.489741559443064,1.90694821788929,2.04436314248721,0.00339500354137272,0.0221097773383372,1,30,0,1,1,1,1,1,0,0,0,1,1,1,1,0,1,0,1,0,1,0,1,1,1,1,0,0,10,13,"midpoint"
11,0,0,0,0,23,4,92,14,93.3577173622325,0.504989521228708,1.17922152834944,-8.06254065194756,0.00835512674762867,-0.00219498734455556,1,27,0,1,0,0,1,1,0,1,0,1,0,1,0,1,0,1,1,0,1,1,1,0,1,0,0,1,10,13,"midpoint"
8,0,0,0,0,8,40,105,12,105.926371207461,-0.560776042356156,1.01918612932786,-3.61390152071793,-0.00440677842358127,0.039623435921967,1,20,0,1,0,1,1,1,0,0,0,0,0,1,0,1,1,0,0,0,1,1,0,1,1,0,1,0,10,13,"midpoint"
5,0,0,0,0,33,36,129,14,123.725569476373,-0.303846266283654,1.23323287372477,-12.2658284673267,0.00144450505031273,0.0154161618766375,1,39,0,1,0,1,0,1,0,0,1,1,1,0,1,1,1,0,1,0,1,0,1,1,0,0,0,1,10,13,"midpoint"
2,0,0,0,0,15,16,106,5,106.15790778771,0.583085473207757,1.12979284883477,-1.27329541733533,0.000226969510549679,-0.00338663551025093,0,26,0,0,0,0,0,1,0,0,0,1,0,0,0,1,0,0,0,0,1,0,0,0,0,0,1,0,10,13,"midpoint"
12,0,0,0,0,21,28,120,6,120.784124415368,-0.30414271177724,1.24175504478626,-7.76690388982071,-0.004610482318094,0.0260923585714772,0,38,0,0,1,0,0,0,0,0,0,0,0,1,0,0,0,0,0,0,0,0,0,1,1,1,0,1,10,13,"midpoint"
10,0,0,0,0,27,24,134,5,133.803932229057,0.413546897261403,1.18741822149605,-5.8419156616323,0.00452739957487211,-0.00885224832687527,0,38,0,1,1,0,0,0,0,1,0,0,1,0,1,0,0,0,0,0,0,0,0,0,0,0,0,0,10,13,"midpoint"
3,0,0,0,0,15,5,131,11,126.079664127901,-0.560211830958724,1.48859380395152,-2.2664093517861,0.00108952124253847,0.0357455726223998,1,28,0,1,0,0,0,0,0,1,1,0,0,1,0,0,1,0,1,0,1,1,0,0,1,0,1,1,10,13,"midpoint"
9,0,0,0,0,16,11,110,6,109.611659450457,-0.341249647387303,1.78469608328305,-13.2745205796131,0.0099975090380758,0.0175137263699435,0,34,0,0,0,0,0,0,0,1,1,0,0,0,0,0,1,1,0,0,0,0,1,0,0,0,1,0,10,13,"midpoint"
14,0,0,0,0,2,21,139,6,134.978695563041,0.41345420605503,1.58473873022012,-3.43154379774761,-0.000418315971037374,0.0185856491886079,0,32,0,0,0,0,0,0,0,1,0,0,1,1,0,0,0,1,0,0,0,0,0,0,1,1,0,0,10,13,"midpoint"
7,0,0,0,0,40,35,97,6,95.9646705910563,-0.583026260090992,1.44684971845709,1.7323264276702,-0.00319682771340013,-0.00846741163637489,1,30,0,0,0,0,0,0,1,0,1,0,0,0,0,1,1,0,1,0,1,0,0,0,0,0,0,0,10,13,"midpoint"
4,0,0,0,0,25,26,98,4,93.9323334954679,-0.360356275434606,1.71175080398098,2.11661339809643,0.00965637652087025,0.0145268643135205,0,27,0,0,0,1,0,0,1,0,0,0,0,0,0,0,0,0,0,1,0,0,0,0,0,0,0,1,10,13,"midpoint"
16,0,0,0,0,2,28,137,13,129.311004574411,-0.309049483970739,1.39095658785664,-9.92570222679753,0.00718022060347721,0.0312363966461271,1,26,0,1,1,0,1,1,1,1,0,0,0,1,1,1,0,1,0,1,0,1,0,0,1,0,0,0,10,13,"midpoint"
17,0,0,0,0,28,20,98,16,96.0710702463984,0.489741559443064,1.90694821788929,2.04436314248721,0.00339500354137272,0.0221097773383372,1,30,0,1,1,1,1,1,0,0,0,1,1,1,1,0,1,0,1,0,1,0,1,1,1,1,0,0,11,13,"midpoint"
11,0,0,0,0,1,34,94,14,93.3577173622325,0.504989521228708,1.17922152834944,-8.06254065194756,0.00835512674762867,-0.00219498734455556,1,27,0,1,0,0,1,1,0,1,0,1,0,1,0,1,0,1,1,0,1,1,1,0,1,0,0,1,11,13,"midpoint"
5,0,0,0,0,2,12,126,14,123.725569476373,-0.303846266283654,1.23323287372477,-12.2658284673267,0.00144450505031273,0.0154161618766375,1,39,0,1,0,1,0,1,0,0,1,1,1,0,1,1,1,0,1,0,1,0,1,1,0,0,0,1,11,13,"midpoint"
8,0,0,0,0,20,38,103,12,105.926371207461,-0.560776042356156,1.01918612932786,-3.61390152071793,-0.00440677842358127,0.039623435921967,1,20,0,1,0,1,1,1,0,0,0,0,0,1,0,1,1,0,0,0,1,1,0,1,1,0,1,0,11,13,"midpoint"
2,0,0,0,0,28,12,108,5,106.15790778771,0.583085473207757,1.12979284883477,-1.27329541733533,0.000226969510549679,-0.00338663551025093,0,26,0,0,0,0,0,1,0,0,0,1,0,0,0,1,0,0,0,0,1,0,0,0,0,0,1,0,11,13,"midpoint"
12,0,0,0,0,37,32,125,6,120.784124415368,-0.30414271177724,1.24175504478626,-7.76690388982071,-0.004610482318094,0.0260923585714772,0,38,0,0,1,0,0,0,0,0,0,0,0,1,0,0,0,0,0,0,0,0,0,1,1,1,0,1,11,13,"midpoint"
10,0,0,0,0,15,10,135,5,133.803932229057,0.413546897261403,1.18741822149605,-5.8419156616323,0.00452739957487211,-0.00885224832687527,0,38,0,1,1,0,0,0,0,1,0,0,1,0,1,0,0,0,0,0,0,0,0,0,0,0,0,0,11,13,"midpoint"
3,0,0,0,0,17,8,132,11,126.079664127901,-0.560211830958724,1.48859380395152,-2.2664093517861,0.00108952124253847,0.0357455726223998,1,28,0,1,0,0,0,0,0,1,1,0,0,1,0,0,1,0,1,0,1,1,0,0,1,0,1,1,11,13,"midpoint"
14,0,0,0,0,32,1,122,6,134.978695563041,0.41345420605503,1.58473873022012,-3.43154379774761,-0.000418315971037374,0.0185856491886079,0,32,0,0,0,0,0,0,0,1,0,0,1,1,0,0,0,1,0,0,0,0,0,0,1,1,0,0,11,13,"midpoint"
9,0,0,0,0,17,31,114,6,109.611659450457,-0.341249647387303,1.78469608328305,-13.2745205796131,0.0099975090380758,0.0175137263699435,0,34,0,0,0,0,0,0,0,1,1,0,0,0,0,0,1,1,0,0,0,0,1,0,0,0,1,0,11,13,"midpoint"
7,0,0,0,0,34,38,89,6,95.9646705910563,-0.583026260090992,1.44684971845709,1.7323264276702,-0.00319682771340013,-0.00846741163637489,1,30,0,0,0,0,0,0,1,0,1,0,0,0,0,1,1,0,1,0,1,0,0,0,0,0,0,0,11,13,"midpoint"
16,0,0,0,0,34,20,124,13,129.311004574411,-0.309049483970739,1.39095658785664,-9.92570222679753,0.00718022060347721,0.0312363966461271,1,26,0,1,1,0,1,1,1,1,0,0,0,1,1,1,0,1,0,1,0,1,0,0,1,0,0,0,11,13,"midpoint"
17,0,0,0,0,15,28,97,16,96.0710702463984,0.489741559443064,1.90694821788929,2.04436314248721,0.00339500354137272,0.0221097773383372,1,30,0,1,1,1,1,1,0,0,0,1,1,1,1,0,1,0,1,0,1,0,1,1,1,1,0,0,12,13,"midpoint"
11,0,0,0,0,13,40,92,14,93.3577173622325,0.504989521228708,1.17922152834944,-8.06254065194756,0.00835512674762867,-0.00219498734455556,1,27,0,1,0,0,1,1,0,1,0,1,0,1,0,1,0,1,1,0,1,1,1,0,1,0,0,1,12,13,"midpoint"
8,0,0,0,0,12,29,105,12,105.926371207461,-0.560776042356156,1.01918612932786,-3.61390152071793,-0.00440677842358127,0.039623435921967,1,20,0,1,0,1,1,1,0,0,0,0,0,1,0,1,1,0,0,0,1,1,0,1,1,0,1,0,12,13,"midpoint"
5,0,0,0,0,26,23,137,14,123.725569476373,-0.303846266283654,1.23323287372477,-12.2658284673267,0.00144450505031273,0.0154161618766375,1,39,0,1,0,1,0,1,0,0,1,1,1,0,1,1,1,0,1,0,1,0,1,1,0,0,0,1,12,13,"midpoint"
2,0,0,0,0,5,8,108,5,106.15790778771,0.583085473207757,1.12979284883477,-1.27329541733533,0.000226969510549679,-0.00338663551025093,0,26,0,0,0,0,0,1,0,0,0,1,0,0,0,1,0,0,0,0,1,0,0,0,0,0,1,0,12,13,"midpoint"
12,0,0,0,0,38,16,120,6,120.784124415368,-0.30414271177724,1.24175504478626,-7.76690388982071,-0.004610482318094,0.0260923585714772,0,38,0,0,1,0,0,0,0,0,0,0,0,1,0,0,0,0,0,0,0,0,0,1,1,1,0,1,12,13,"midpoint"
14,0,0,0,0,17,6,134,6,134.978695563041,0.41345420605503,1.58473873022012,-3.43154379774761,-0.000418315971037374,0.0185856491886079,0,32,0,0,0,0,0,0,0,1,0,0,1,1,0,0,0,1,0,0,0,0,0,0,1,1,0,0,12,13,"midpoint"
10,0,0,0,0,20,22,130,5,133.803932229057,0.413546897261403,1.18741822149605,-5.8419156616323,0.00452739957487211,-0.00885224832687527,0,38,0,1,1,0,0,0,0,1,0,0,1,0,1,0,0,0,0,0,0,0,0,0,0,0,0,0,12,13,"midpoint"
3,0,0,0,0,39,33,127,11,126.079664127901,-0.560211830958724,1.48859380395152,-2.2664093517861,0.00108952124253847,0.0357455726223998,1,28,0,1,0,0,0,0,0,1,1,0,0,1,0,0,1,0,1,0,1,1,0,0,1,0,1,1,12,13,"midpoint"
7,0,0,0,0,16,13,102,6,95.9646705910563,-0.583026260090992,1.44684971845709,1.7323264276702,-0.00319682771340013,-0.00846741163637489,1,30,0,0,0,0,0,0,1,0,1,0,0,0,0,1,1,0,1,0,1,0,0,0,0,0,0,0,12,13,"midpoint"
9,0,0,0,0,5,37,119,6,109.611659450457,-0.341249647387303,1.78469608328305,-13.2745205796131,0.0099975090380758,0.0175137263699435,0,34,0,0,0,0,0,0,0,1,1,0,0,0,0,0,1,1,0,0,0,0,1,0,0,0,1,0,12,13,"midpoint"
16,0,0,0,0,4,7,129,13,129.311004574411,-0.309049483970739,1.39095658785664,-9.92570222679753,0.00718022060347721,0.0312363966461271,1,26,0,1,1,0,1,1,1,1,0,0,0,1,1,1,0,1,0,1,0,1,0,0,1,0,0,0,12,13,"midpoint"
17,0,0,0,0,3,40,95,16,96.0710702463984,0.489741559443064,1.90694821788929,2.04436314248721,0.00339500354137272,0.0221097773383372,1,30,0,1,1,1,1,1,0,0,0,1,1,1,1,0,1,0,1,0,1,0,1,1,1,1,0,0,13,13,"midpoint"
11,0,0,0,0,20,10,96,14,93.3577173622325,0.504989521228708,1.17922152834944,-8.06254065194756,0.00835512674762867,-0.00219498734455556,1,27,0,1,0,0,1,1,0,1,0,1,0,1,0,1,0,1,1,0,1,1,1,0,1,0,0,1,13,13,"midpoint"
5,0,0,0,0,30,3,123,14,123.725569476373,-0.303846266283654,1.23323287372477,-12.2658284673267,0.00144450505031273,0.0154161618766375,1,39,0,1,0,1,0,1,0,0,1,1,1,0,1,1,1,0,1,0,1,0,1,1,0,0,0,1,13,13,"midpoint"
8,0,0,0,0,15,4,108,12,105.926371207461,-0.560776042356156,1.01918612932786,-3.61390152071793,-0.00440677842358127,0.039623435921967,1,20,0,1,0,1,1,1,0,0,0,0,0,1,0,1,1,0,0,0,1,1,0,1,1,0,1,0,13,13,"midpoint"
2,0,0,0,0,25,6,104,5,106.15790778771,0.583085473207757,1.12979284883477,-1.27329541733533,0.000226969510549679,-0.00338663551025093,0,26,0,0,0,0,0,1,0,0,0,1,0,0,0,1,0,0,0,0,1,0,0,0,0,0,1,0,13,13,"midpoint"
12,0,0,0,0,29,38,123,6,120.784124415368,-0.30414271177724,1.24175504478626,-7.76690388982071,-0.004610482318094,0.0260923585714772,0,38,0,0,1,0,0,0,0,0,0,0,0,1,0,0,0,0,0,0,0,0,0,1,1,1,0,1,13,13,"midpoint"
10,0,0,0,0,32,30,133,5,133.803932229057,0.413546897261403,1.18741822149605,-5.8419156616323,0.00452739957487211,-0.00885224832687527,0,38,0,1,1,0,0,0,0,1,0,0,1,0,1,0,0,0,0,0,0,0,0,0,0,0,0,0,13,13,"midpoint"
14,0,0,0,0,6,15,142,6,134.978695563041,0.41345420605503,1.58473873022012,-3.43154379774761,-0.000418315971037374,0.0185856491886079,0,32,0,0,0,0,0,0,0,1,0,0,1,1,0,0,0,1,0,0,0,0,0,0,1,1,0,0,13,13,"midpoint"
3,0,0,0,0,26,16,124,11,126.079664127901,-0.560211830958724,1.48859380395152,-2.2664093517861,0.00108952124253847,0.0357455726223998,1,28,0,1,0,0,0,0,0,1,1,0,0,1,0,0,1,0,1,0,1,1,0,0,1,0,1,1,13,13,"midpoint"
7,0,0,0,0,38,31,98,6,95.9646705910563,-0.583026260090992,1.44684971845709,1.7323264276702,-0.00319682771340013,-0.00846741163637489,1,30,0,0,0,0,0,0,1,0,1,0,0,0,0,1,1,0,1,0,1,0,0,0,0,0,0,0,13,13,"midpoint"
9,0,0,0,0,16,16,108,6,109.611659450457,-0.341249647387303,1.78469608328305,-13.2745205796131,0.0099975090380758,0.0175137263699435,0,34,0,0,0,0,0,0,0,1,1,0,0,0,0,0,1,1,0,0,0,0,1,0,0,0,1,0,13,13,"midpoint"
16,0,0,0,0,31,20,151,13,129.311004574411,-0.309049483970739,1.39095658785664,-9.92570222679753,0.00718022060347721,0.0312363966461271,1,26,0,1,1,0,1,1,1,1,0,0,0,1,1,1,0,1,0,1,0,1,0,0,1,0,0,0,13,13,"midpoint"
17,0,0,0,0,14,38,88,16,96.0710702463984,0.489741559443064,1.90694821788929,2.04436314248721,0.00339500354137272,0.0221097773383372,1,30,0,1,1,1,1,1,0,0,0,1,1,1,1,0,1,0,1,0,1,0,1,1,1,1,0,0,14,13,"midpoint"
11,0,0,0,0,9,11,80,14,93.3577173622325,0.504989521228708,1.17922152834944,-8.06254065194756,0.00835512674762867,-0.00219498734455556,1,27,0,1,0,0,1,1,0,1,0,1,0,1,0,1,0,1,1,0,1,1,1,0,1,0,0,1,14,13,"midpoint"
5,0,0,0,0,9,38,124,14,123.725569476373,-0.303846266283654,1.23323287372477,-12.2658284673267,0.00144450505031273,0.0154161618766375,1,39,0,1,0,1,0,1,0,0,1,1,1,0,1,1,1,0,1,0,1,0,1,1,0,0,0,1,14,13,"midpoint"
8,0,0,0,0,25,33,106,12,105.926371207461,-0.560776042356156,1.01918612932786,-3.61390152071793,-0.00440677842358127,0.039623435921967,1,20,0,1,0,1,1,1,0,0,0,0,0,1,0,1,1,0,0,0,1,1,0,1,1,0,1,0,14,13,"midpoint"
2,0,0,0,0,10,27,108,5,106.15790778771,0.583085473207757,1.12979284883477,-1.27329541733533,0.000226969510549679,-0.00338663551025093,0,26,0,0,0,0,0,1,0,0,0,1,0,0,0,1,0,0,0,0,1,0,0,0,0,0,1,0,14,13,"midpoint"
12,0,0,0,0,12,18,151,6,120.784124415368,-0.30414271177724,1.24175504478626,-7.76690388982071,-0.004610482318094,0.0260923585714772,0,38,0,0,1,0,0,0,0,0,0,0,0,1,0,0,0,0,0,0,0,0,0,1,1,1,0,1,14,13,"midpoint"
14,0,0,0,0,19,37,131,6,134.978695563041,0.41345420605503,1.58473873022012,-3.43154379774761,-0.000418315971037374,0.0185856491886079,0,32,0,0,0,0,0,0,0,1,0,0,1,1,0,0,0,1,0,0,0,0,0,0,1,1,0,0,14,13,"midpoint"
10,0,0,0,0,25,16,115,5,133.803932229057,0.413546897261403,1.18741822149605,-5.8419156616323,0.00452739957487211,-0.00885224832687527,0,38,0,1,1,0,0,0,0,1,0,0,1,0,1,0,0,0,0,0,0,0,0,0,0,0,0,0,14,13,"midpoint"
9,0,0,0,0,19,29,110,6,109.611659450457,-0.341249647387303,1.78469608328305,-13.2745205796131,0.0099975090380758,0.0175137263699435,0,34,0,0,0,0,0,0,0,1,1,0,0,0,0,0,1,1,0,0,0,0,1,0,0,0,1,0,14,13,"midpoint"
3,0,0,0,0,34,28,130,11,126.079664127901,-0.560211830958724,1.48859380395152,-2.2664093517861,0.00108952124253847,0.0357455726223998,1,28,0,1,0,0,0,0,0,1,1,0,0,1,0,0,1,0,1,0,1,1,0,0,1,0,1,1,14,13,"midpoint"
16,0,0,0,0,35,30,124,13,129.311004574411,-0.309049483970739,1.39095658785664,-9.92570222679753,0.00718022060347721,0.0312363966461271,1,26,0,1,1,0,1,1,1,1,0,0,0,1,1,1,0,1,0,1,0,1,0,0,1,0,0,0,14,13,"midpoint"
17,0,0,0,0,9,40,87,16,96.0710702463984,0.489741559443064,1.90694821788929,2.04436314248721,0.00339500354137272,0.0221097773383372,1,30,0,1,1,1,1,1,0,0,0,1,1,1,1,0,1,0,1,0,1,0,1,1,1,1,0,0,15,13,"midpoint"
5,0,0,0,0,40,6,126,14,123.725569476373,-0.303846266283654,1.23323287372477,-12.2658284673267,0.00144450505031273,0.0154161618766375,1,39,0,1,0,1,0,1,0,0,1,1,1,0,1,1,1,0,1,0,1,0,1,1,0,0,0,1,15,13,"midpoint"
11,0,0,0,0,22,18,92,14,93.3577173622325,0.504989521228708,1.17922152834944,-8.06254065194756,0.00835512674762867,-0.00219498734455556,1,27,0,1,0,0,1,1,0,1,0,1,0,1,0,1,0,1,1,0,1,1,1,0,1,0,0,1,15,13,"midpoint"
2,0,0,0,0,38,21,106,5,106.15790778771,0.583085473207757,1.12979284883477,-1.27329541733533,0.000226969510549679,-0.00338663551025093,0,26,0,0,0,0,0,1,0,0,0,1,0,0,0,1,0,0,0,0,1,0,0,0,0,0,1,0,15,13,"midpoint"
10,0,0,0,0,27,11,138,5,133.803932229057,0.413546897261403,1.18741822149605,-5.8419156616323,0.00452739957487211,-0.00885224832687527,0,38,0,1,1,0,0,0,0,1,0,0,1,0,1,0,0,0,0,0,0,0,0,0,0,0,0,0,15,13,"midpoint"
8,0,0,0,0,2,11,105,12,105.926371207461,-0.560776042356156,1.01918612932786,-3.61390152071793,-0.00440677842358127,0.039623435921967,1,20,0,1,0,1,1,1,0,0,0,0,0,1,0,1,1,0,0,0,1,1,0,1,1,0,1,0,15,13,"midpoint"
12,0,0,0,0,21,15,120,6,120.784124415368,-0.30414271177724,1.24175504478626,-7.76690388982071,-0.004610482318094,0.0260923585714772,0,38,0,0,1,0,0,0,0,0,0,0,0,1,0,0,0,0,0,0,0,0,0,1,1,1,0,1,15,13,"midpoint"
14,0,0,0,0,4,2,132,6,134.978695563041,0.41345420605503,1.58473873022012,-3.43154379774761,-0.000418315971037374,0.0185856491886079,0,32,0,0,0,0,0,0,0,1,0,0,1,1,0,0,0,1,0,0,0,0,0,0,1,1,0,0,15,13,"midpoint"
3,0,0,0,0,30,35,125,11,126.079664127901,-0.560211830958724,1.48859380395152,-2.2664093517861,0.00108952124253847,0.0357455726223998,1,28,0,1,0,0,0,0,0,1,1,0,0,1,0,0,1,0,1,0,1,1,0,0,1,0,1,1,15,13,"midpoint"
16,0,0,0,0,5,15,130,13,129.311004574411,-0.309049483970739,1.39095658785664,-9.92570222679753,0.00718022060347721,0.0312363966461271,1,26,0,1,1,0,1,1,1,1,0,0,0,1,1,1,0,1,0,1,0,1,0,0,1,0,0,0,15,13,"midpoint"
17,0,0,0,0,6,9,98,16,96.0710702463984,0.489741559443064,1.90694821788929,2.04436314248721,0.00339500354137272,0.0221097773383372,1,30,0,1,1,1,1,1,0,0,0,1,1,1,1,0,1,0,1,0,1,0,1,1,1,1,0,0,16,13,"midpoint"
11,0,0,0,0,34,33,97,14,93.3577173622325,0.504989521228708,1.17922152834944,-8.06254065194756,0.00835512674762867,-0.00219498734455556,1,27,0,1,0,0,1,1,0,1,0,1,0,1,0,1,0,1,1,0,1,1,1,0,1,0,0,1,16,13,"midpoint"
5,0,0,0,0,23,9,126,14,123.725569476373,-0.303846266283654,1.23323287372477,-12.2658284673267,0.00144450505031273,0.0154161618766375,1,39,0,1,0,1,0,1,0,0,1,1,1,0,1,1,1,0,1,0,1,0,1,1,0,0,0,1,16,13,"midpoint"
2,0,0,0,0,20,27,106,5,106.15790778771,0.583085473207757,1.12979284883477,-1.27329541733533,0.000226969510549679,-0.00338663551025093,0,26,0,0,0,0,0,1,0,0,0,1,0,0,0,1,0,0,0,0,1,0,0,0,0,0,1,0,16,13,"midpoint"
12,0,0,0,0,31,39,120,6,120.784124415368,-0.30414271177724,1.24175504478626,-7.76690388982071,-0.004610482318094,0.0260923585714772,0,38,0,0,1,0,0,0,0,0,0,0,0,1,0,0,0,0,0,0,0,0,0,1,1,1,0,1,16,13,"midpoint"
10,0,0,0,0,21,16,123,5,133.803932229057,0.413546897261403,1.18741822149605,-5.8419156616323,0.00452739957487211,-0.00885224832687527,0,38,0,1,1,0,0,0,0,1,0,0,1,0,1,0,0,0,0,0,0,0,0,0,0,0,0,0,16,13,"midpoint"
14,0,0,0,0,29,19,136,6,134.978695563041,0.41345420605503,1.58473873022012,-3.43154379774761,-0.000418315971037374,0.0185856491886079,0,32,0,0,0,0,0,0,0,1,0,0,1,1,0,0,0,1,0,0,0,0,0,0,1,1,0,0,16,13,"midpoint"
8,0,0,0,0,18,10,108,12,105.926371207461,-0.560776042356156,1.01918612932786,-3.61390152071793,-0.00440677842358127,0.039623435921967,1,20,0,1,0,1,1,1,0,0,0,0,0,1,0,1,1,0,0,0,1,1,0,1,1,0,1,0,16,13,"midpoint"
3,0,0,0,0,35,3,131,11,126.079664127901,-0.560211830958724,1.48859380395152,-2.2664093517861,0.00108952124253847,0.0357455726223998,1,28,0,1,0,0,0,0,0,1,1,0,0,1,0,0,1,0,1,0,1,1,0,0,1,0,1,1,16,13,"midpoint"
16,0,0,0,0,20,15,129,13,129.311004574411,-0.309049483970739,1.39095658785664,-9.92570222679753,0.00718022060347721,0.0312363966461271,1,26,0,1,1,0,1,1,1,1,0,0,0,1,1,1,0,1,0,1,0,1,0,0,1,0,0,0,16,13,"midpoint"
17,0,0,0,0,35,7,87,16,96.0710702463984,0.489741559443064,1.90694821788929,2.04436314248721,0.00339500354137272,0.0221097773383372,1,30,0,1,1,1,1,1,0,0,0,1,1,1,1,0,1,0,1,0,1,0,1,1,1,1,0,0,17,13,"midpoint"
11,0,0,0,0,5,37,94,14,93.3577173622325,0.504989521228708,1.17922152834944,-8.06254065194756,0.00835512674762867,-0.00219498734455556,1,27,0,1,0,0,1,1,0,1,0,1,0,1,0,1,0,1,1,0,1,1,1,0,1,0,0,1,17,13,"midpoint"
5,0,0,0,0,30,39,114,14,123.725569476373,-0.303846266283654,1.23323287372477,-12.2658284673267,0.00144450505031273,0.0154161618766375,1,39,0,1,0,1,0,1,0,0,1,1,1,0,1,1,1,0,1,0,1,0,1,1,0,0,0,1,17,13,"midpoint"
14,0,0,0,0,26,36,144,6,134.978695563041,0.41345420605503,1.58473873022012,-3.43154379774761,-0.000418315971037374,0.0185856491886079,0,32,0,0,0,0,0,0,0,1,0,0,1,1,0,0,0,1,0,0,0,0,0,0,1,1,0,0,17,13,"midpoint"
2,0,0,0,0,37,11,103,5,106.15790778771,0.583085473207757,1.12979284883477,-1.27329541733533,0.000226969510549679,-0.00338663551025093,0,26,0,0,0,0,0,1,0,0,0,1,0,0,0,1,0,0,0,0,1,0,0,0,0,0,1,0,17,13,"midpoint"
12,0,0,0,0,13,24,116,6,120.784124415368,-0.30414271177724,1.24175504478626,-7.76690388982071,-0.004610482318094,0.0260923585714772,0,38,0,0,1,0,0,0,0,0,0,0,0,1,0,0,0,0,0,0,0,0,0,1,1,1,0,1,17,13,"midpoint"
10,0,0,0,0,13,1,128,5,133.803932229057,0.413546897261403,1.18741822149605,-5.8419156616323,0.00452739957487211,-0.00885224832687527,0,38,0,1,1,0,0,0,0,1,0,0,1,0,1,0,0,0,0,0,0,0,0,0,0,0,0,0,17,13,"midpoint"
8,0,0,0,0,2,36,106,12,105.926371207461,-0.560776042356156,1.01918612932786,-3.61390152071793,-0.00440677842358127,0.039623435921967,1,20,0,1,0,1,1,1,0,0,0,0,0,1,0,1,1,0,0,0,1,1,0,1,1,0,1,0,17,13,"midpoint"
17,0,0,0,0,13,24,105,16,96.0710702463984,0.489741559443064,1.90694821788929,2.04436314248721,0.00339500354137272,0.0221097773383372,1,30,0,1,1,1,1,1,0,0,0,1,1,1,1,0,1,0,1,0,1,0,1,1,1,1,0,0,18,13,"midpoint"
11,0,0,0,0,38,37,96,14,93.3577173622325,0.504989521228708,1.17922152834944,-8.06254065194756,0.00835512674762867,-0.00219498734455556,1,27,0,1,0,0,1,1,0,1,0,1,0,1,0,1,0,1,1,0,1,1,1,0,1,0,0,1,18,13,"midpoint"
5,0,0,0,0,26,32,127,14,123.725569476373,-0.303846266283654,1.23323287372477,-12.2658284673267,0.00144450505031273,0.0154161618766375,1,39,0,1,0,1,0,1,0,0,1,1,1,0,1,1,1,0,1,0,1,0,1,1,0,0,0,1,18,13,"midpoint"
2,0,0,0,0,22,5,114,5,106.15790778771,0.583085473207757,1.12979284883477,-1.27329541733533,0.000226969510549679,-0.00338663551025093,0,26,0,0,0,0,0,1,0,0,0,1,0,0,0,1,0,0,0,0,1,0,0,0,0,0,1,0,18,13,"midpoint"
12,0,0,0,0,2,13,130,6,120.784124415368,-0.30414271177724,1.24175504478626,-7.76690388982071,-0.004610482318094,0.0260923585714772,0,38,0,0,1,0,0,0,0,0,0,0,0,1,0,0,0,0,0,0,0,0,0,1,1,1,0,1,18,13,"midpoint"
10,0,0,0,0,29,36,134,5,133.803932229057,0.413546897261403,1.18741822149605,-5.8419156616323,0.00452739957487211,-0.00885224832687527,0,38,0,1,1,0,0,0,0,1,0,0,1,0,1,0,0,0,0,0,0,0,0,0,0,0,0,0,18,13,"midpoint"
14,0,0,0,0,3,26,138,6,134.978695563041,0.41345420605503,1.58473873022012,-3.43154379774761,-0.000418315971037374,0.0185856491886079,0,32,0,0,0,0,0,0,0,1,0,0,1,1,0,0,0,1,0,0,0,0,0,0,1,1,0,0,18,13,"midpoint"
8,0,0,0,0,40,25,96,12,105.926371207461,-0.560776042356156,1.01918612932786,-3.61390152071793,-0.00440677842358127,0.039623435921967,1,20,0,1,0,1,1,1,0,0,0,0,0,1,0,1,1,0,0,0,1,1,0,1,1,0,1,0,18,13,"midpoint"
17,0,0,0,0,26,2,91,16,96.0710702463984,0.489741559443064,1.90694821788929,2.04436314248721,0.00339500354137272,0.0221097773383372,1,30,0,1,1,1,1,1,0,0,0,1,1,1,1,0,1,0,1,0,1,0,1,1,1,1,0,0,19,13,"midpoint"
5,0,0,0,0,40,39,128,14,123.725569476373,-0.303846266283654,1.23323287372477,-12.2658284673267,0.00144450505031273,0.0154161618766375,1,39,0,1,0,1,0,1,0,0,1,1,1,0,1,1,1,0,1,0,1,0,1,1,0,0,0,1,19,13,"midpoint"
11,0,0,0,0,30,30,87,14,93.3577173622325,0.504989521228708,1.17922152834944,-8.06254065194756,0.00835512674762867,-0.00219498734455556,1,27,0,1,0,0,1,1,0,1,0,1,0,1,0,1,0,1,1,0,1,1,1,0,1,0,0,1,19,13,"midpoint"
12,0,0,0,0,34,39,140,6,120.784124415368,-0.30414271177724,1.24175504478626,-7.76690388982071,-0.004610482318094,0.0260923585714772,0,38,0,0,1,0,0,0,0,0,0,0,0,1,0,0,0,0,0,0,0,0,0,1,1,1,0,1,19,13,"midpoint"
2,0,0,0,0,32,34,108,5,106.15790778771,0.583085473207757,1.12979284883477,-1.27329541733533,0.000226969510549679,-0.00338663551025093,0,26,0,0,0,0,0,1,0,0,0,1,0,0,0,1,0,0,0,0,1,0,0,0,0,0,1,0,19,13,"midpoint"
10,0,0,0,0,38,25,138,5,133.803932229057,0.413546897261403,1.18741822149605,-5.8419156616323,0.00452739957487211,-0.00885224832687527,0,38,0,1,1,0,0,0,0,1,0,0,1,0,1,0,0,0,0,0,0,0,0,0,0,0,0,0,19,13,"midpoint"
14,0,0,0,0,20,28,133,6,134.978695563041,0.41345420605503,1.58473873022012,-3.43154379774761,-0.000418315971037374,0.0185856491886079,0,32,0,0,0,0,0,0,0,1,0,0,1,1,0,0,0,1,0,0,0,0,0,0,1,1,0,0,19,13,"midpoint"
8,0,0,0,0,2,19,110,12,105.926371207461,-0.560776042356156,1.01918612932786,-3.61390152071793,-0.00440677842358127,0.039623435921967,1,20,0,1,0,1,1,1,0,0,0,0,0,1,0,1,1,0,0,0,1,1,0,1,1,0,1,0,19,13,"midpoint"
17,0,0,0,0,21,16,96,16,96.0710702463984,0.489741559443064,1.90694821788929,2.04436314248721,0.00339500354137272,0.0221097773383372,1,30,0,1,1,1,1,1,0,0,0,1,1,1,1,0,1,0,1,0,1,0,1,1,1,1,0,0,20,13,"midpoint"
5,0,0,0,0,16,7,121,14,123.725569476373,-0.303846266283654,1.23323287372477,-12.2658284673267,0.00144450505031273,0.0154161618766375,1,39,0,1,0,1,0,1,0,0,1,1,1,0,1,1,1,0,1,0,1,0,1,1,0,0,0,1,20,13,"midpoint"
11,0,0,0,0,16,22,94,14,93.3577173622325,0.504989521228708,1.17922152834944,-8.06254065194756,0.00835512674762867,-0.00219498734455556,1,27,0,1,0,0,1,1,0,1,0,1,0,1,0,1,0,1,1,0,1,1,1,0,1,0,0,1,20,13,"midpoint"
2,0,0,0,0,7,35,107,5,106.15790778771,0.583085473207757,1.12979284883477,-1.27329541733533,0.000226969510549679,-0.00338663551025093,0,26,0,0,0,0,0,1,0,0,0,1,0,0,0,1,0,0,0,0,1,0,0,0,0,0,1,0,20,13,"midpoint"
12,0,0,0,0,27,34,123,6,120.784124415368,-0.30414271177724,1.24175504478626,-7.76690388982071,-0.004610482318094,0.0260923585714772,0,38,0,0,1,0,0,0,0,0,0,0,0,1,0,0,0,0,0,0,0,0,0,1,1,1,0,1,20,13,"midpoint"
10,0,0,0,0,15,22,136,5,133.803932229057,0.413546897261403,1.18741822149605,-5.8419156616323,0.00452739957487211,-0.00885224832687527,0,38,0,1,1,0,0,0,0,1,0,0,1,0,1,0,0,0,0,0,0,0,0,0,0,0,0,0,20,13,"midpoint"
14,0,0,0,0,35,10,122,6,134.978695563041,0.41345420605503,1.58473873022012,-3.43154379774761,-0.000418315971037374,0.0185856491886079,0,32,0,0,0,0,0,0,0,1,0,0,1,1,0,0,0,1,0,0,0,0,0,0,1,1,0,0,20,13,"midpoint"
8,0,0,0,0,16,18,105,12,105.926371207461,-0.560776042356156,1.01918612932786,-3.61390152071793,-0.00440677842358127,0.039623435921967,1,20,0,1,0,1,1,1,0,0,0,0,0,1,0,1,1,0,0,0,1,1,0,1,1,0,1,0,20,13,"midpoint"
17,0,0,0,0,36,38,103,16,97.2690368058392,0.489741559443064,1.90694821788929,2.04436314248721,0.00339500354137272,0.0221097773383372,1,30,0,1,1,1,1,1,0,0,0,1,1,1,1,0,1,0,1,0,1,0,1,1,1,1,0,0,21,13,"midpoint"
5,0,0,0,0,16,33,123,14,116.537975441677,-0.303846266283654,1.23323287372477,-12.2658284673267,0.00144450505031273,0.0154161618766375,1,39,0,1,0,1,0,1,0,0,1,1,1,0,1,1,1,0,1,0,1,0,1,1,0,0,0,1,21,13,"midpoint"
11,0,0,0,0,39,24,87,14,88.6331878085378,0.504989521228708,1.17922152834944,-8.06254065194756,0.00835512674762867,-0.00219498734455556,1,27,0,1,0,0,1,1,0,1,0,1,0,1,0,1,0,1,1,0,1,1,1,0,1,0,0,1,21,13,"midpoint"
10,0,0,0,0,8,10,142,5,130.380656070207,0.413546897261403,1.18741822149605,-5.8419156616323,0.00452739957487211,-0.00885224832687527,0,38,0,1,1,0,0,0,0,1,0,0,1,0,1,0,0,0,0,0,0,0,0,0,0,0,0,0,21,13,"midpoint"
12,0,0,0,0,25,21,115,6,116.232833630955,-0.30414271177724,1.24175504478626,-7.76690388982071,-0.004610482318094,0.0260923585714772,0,38,0,0,1,0,0,0,0,0,0,0,0,1,0,0,0,0,0,0,0,0,0,1,1,1,0,1,21,13,"midpoint"
2,0,0,0,0,27,2,102,5,105.411775508882,0.583085473207757,1.12979284883477,-1.27329541733533,0.000226969510549679,-0.00338663551025093,0,26,0,0,0,0,0,1,0,0,0,1,0,0,0,1,0,0,0,0,1,0,0,0,0,0,1,0,21,13,"midpoint"
14,0,0,0,0,22,10,129,6,132.96786166004,0.41345420605503,1.58473873022012,-3.43154379774761,-0.000418315971037374,0.0185856491886079,0,32,0,0,0,0,0,0,0,1,0,0,1,1,0,0,0,1,0,0,0,0,0,0,1,1,0,0,21,13,"midpoint"
8,0,0,0,0,36,7,105,12,103.808678376399,-0.560776042356156,1.01918612932786,-3.61390152071793,-0.00440677842358127,0.039623435921967,1,20,0,1,0,1,1,1,0,0,0,0,0,1,0,1,1,0,0,0,1,1,0,1,1,0,1,0,21,13,"midpoint"
17,0,0,0,0,38,40,96,16,95.8649142020725,0.489741559443064,1.90694821788929,2.04436314248721,0.00339500354137272,0.0221097773383372,1,30,0,1,1,1,1,1,0,0,0,1,1,1,1,0,1,0,1,0,1,0,1,1,1,1,0,0,22,13,"midpoint"
5,0,0,0,0,8,1,132,14,124.962470408821,-0.303846266283654,1.23323287372477,-12.2658284673267,0.00144450505031273,0.0154161618766375,1,39,0,1,0,1,0,1,0,0,1,1,1,0,1,1,1,0,1,0,1,0,1,1,0,0,0,1,22,13,"midpoint"
11,0,0,0,0,29,38,93,14,94.1707536831673,0.504989521228708,1.17922152834944,-8.06254065194756,0.00835512674762867,-0.00219498734455556,1,27,0,1,0,0,1,1,0,1,0,1,0,1,0,1,0,1,1,0,1,1,1,0,1,0,0,1,22,13,"midpoint"
12,0,0,0,0,29,19,124,6,121.567348368739,-0.30414271177724,1.24175504478626,-7.76690388982071,-0.004610482318094,0.0260923585714772,0,38,0,0,1,0,0,0,0,0,0,0,0,1,0,0,0,0,0,0,0,0,0,1,1,1,0,1,22,13,"midpoint"
10,0,0,0,0,1,30,132,5,134.393038048399,0.413546897261403,1.18741822149605,-5.8419156616323,0.00452739957487211,-0.00885224832687527,0,38,0,1,1,0,0,0,0,1,0,0,1,0,1,0,0,0,0,0,0,0,0,0,0,0,0,0,22,13,"midpoint"
14,0,0,0,0,22,19,127,6,135.324736577268,0.41345420605503,1.58473873022012,-3.43154379774761,-0.000418315971037374,0.0185856491886079,0,32,0,0,0,0,0,0,0,1,0,0,1,1,0,0,0,1,0,0,0,0,0,0,1,1,0,0,22,13,"midpoint"
2,0,0,0,0,3,17,108,5,106.2863084329,0.583085473207757,1.12979284883477,-1.27329541733533,0.000226969510549679,-0.00338663551025093,0,26,0,0,0,0,0,1,0,0,0,1,0,0,0,1,0,0,0,0,1,0,0,0,0,0,1,0,22,13,"midpoint"
8,0,0,0,0,22,17,107,12,106.290801394354,-0.560776042356156,1.01918612932786,-3.61390152071793,-0.00440677842358127,0.039623435921967,1,20,0,1,0,1,1,1,0,0,0,0,0,1,0,1,1,0,0,0,1,1,0,1,1,0,1,0,22,13,"midpoint"
17,0,0,0,0,2,17,106,16,99.8751388183603,0.489741559443064,1.90694821788929,2.04436314248721,0.00339500354137272,0.0221097773383372,1,30,0,1,1,1,1,1,0,0,0,1,1,1,1,0,1,0,1,0,1,0,1,1,1,1,0,0,23,13,"midpoint"
5,0,0,0,0,4,31,103,14,100.901810031725,-0.303846266283654,1.23323287372477,-12.2658284673267,0.00144450505031273,0.0154161618766375,1,39,0,1,0,1,0,1,0,0,1,1,1,0,1,1,1,0,1,0,1,0,1,1,0,0,0,1,23,13,"midpoint"
11,0,0,0,0,32,38,79,14,78.3552665418149,0.504989521228708,1.17922152834944,-8.06254065194756,0.00835512674762867,-0.00219498734455556,1,27,0,1,0,0,1,1,0,1,0,1,0,1,0,1,0,1,1,0,1,1,1,0,1,0,0,1,23,13,"midpoint"
12,0,0,0,0,29,28,116,6,106.331782571262,-0.30414271177724,1.24175504478626,-7.76690388982071,-0.004610482318094,0.0260923585714772,0,38,0,0,1,0,0,0,0,0,0,0,0,1,0,0,0,0,0,0,0,0,0,1,1,1,0,1,23,13,"midpoint"
14,0,0,0,0,19,39,129,6,128.593417114692,0.41345420605503,1.58473873022012,-3.43154379774761,-0.000418315971037374,0.0185856491886079,0,32,0,0,0,0,0,0,0,1,0,0,1,1,0,0,0,1,0,0,0,0,0,0,1,1,0,0,23,13,"midpoint"
2,0,0,0,0,34,3,109,5,103.788610973831,0.583085473207757,1.12979284883477,-1.27329541733533,0.000226969510549679,-0.00338663551025093,0,26,0,0,0,0,0,1,0,0,0,1,0,0,0,1,0,0,0,0,1,0,0,0,0,0,1,0,23,13,"midpoint"
10,0,0,0,0,33,33,120,5,122.933530925779,0.413546897261403,1.18741822149605,-5.8419156616323,0.00452739957487211,-0.00885224832687527,0,38,0,1,1,0,0,0,0,1,0,0,1,0,1,0,0,0,0,0,0,0,0,0,0,0,0,0,23,13,"midpoint"
17,0,0,0,0,12,5,109,16,97.0598472499729,0.489741559443064,1.90694821788929,2.04436314248721,0.00339500354137272,0.0221097773383372,1,30,0,1,1,1,1,1,0,0,0,1,1,1,1,0,1,0,1,0,1,0,1,1,1,1,0,0,24,13,"midpoint"
5,0,0,0,0,16,9,122,14,117.793076923448,-0.303846266283654,1.23323287372477,-12.2658284673267,0.00144450505031273,0.0154161618766375,1,39,0,1,0,1,0,1,0,0,1,1,1,0,1,1,1,0,1,0,1,0,1,1,0,0,0,1,24,13,"midpoint"
12,0,0,0,0,14,11,112,6,117.027582441184,-0.30414271177724,1.24175504478626,-7.76690388982071,-0.004610482318094,0.0260923585714772,0,38,0,0,1,0,0,0,0,0,0,0,0,1,0,0,0,0,0,0,0,0,0,1,1,1,0,1,24,13,"midpoint"
11,0,0,0,0,8,13,84,14,89.458187664524,0.504989521228708,1.17922152834944,-8.06254065194756,0.00835512674762867,-0.00219498734455556,1,27,0,1,0,0,1,1,0,1,0,1,0,1,0,1,0,1,1,0,1,1,1,0,1,0,0,1,24,13,"midpoint"
10,0,0,0,0,2,12,131,5,130.978430368357,0.413546897261403,1.18741822149605,-5.8419156616323,0.00452739957487211,-0.00885224832687527,0,38,0,1,1,0,0,0,0,1,0,0,1,0,1,0,0,0,0,0,0,0,0,0,0,0,0,0,24,13,"midpoint"
14,0,0,0,0,8,27,127,6,133.318994542486,0.41345420605503,1.58473873022012,-3.43154379774761,-0.000418315971037374,0.0185856491886079,0,32,0,0,0,0,0,0,0,1,0,0,1,1,0,0,0,1,0,0,0,0,0,0,1,1,0,0,24,13,"midpoint"
2,0,0,0,0,40,9,111,5,105.542065523069,0.583085473207757,1.12979284883477,-1.27329541733533,0.000226969510549679,-0.00338663551025093,0,26,0,0,0,0,0,1,0,0,0,1,0,0,0,1,0,0,0,0,1,0,0,0,0,0,1,0,24,13,"midpoint"
17,0,0,0,0,10,5,99,16,99.0088424896611,0.489741559443064,1.90694821788929,2.04436314248721,0.00339500354137272,0.0221097773383372,1,30,0,1,1,1,1,1,0,0,0,1,1,1,1,0,1,0,1,0,1,0,1,1,1,1,0,0,25,13,"midpoint"
5,0,0,0,0,2,34,119,14,106.099439527614,-0.303846266283654,1.23323287372477,-12.2658284673267,0.00144450505031273,0.0154161618766375,1,39,0,1,0,1,0,1,0,0,1,1,1,0,1,1,1,0,1,0,1,0,1,1,0,0,0,1,25,13,"midpoint"
11,0,0,0,0,16,8,80,14,81.7717580748566,0.504989521228708,1.17922152834944,-8.06254065194756,0.00835512674762867,-0.00219498734455556,1,27,0,1,0,0,1,1,0,1,0,1,0,1,0,1,0,1,1,0,1,1,1,0,1,0,0,1,25,13,"midpoint"
12,0,0,0,0,30,29,114,6,109.622998395533,-0.30414271177724,1.24175504478626,-7.76690388982071,-0.004610482318094,0.0260923585714772,0,38,0,0,1,0,0,0,0,0,0,0,0,1,0,0,0,0,0,0,0,0,0,1,1,1,0,1,25,13,"midpoint"
2,0,0,0,0,18,30,104,5,104.328168316879,0.583085473207757,1.12979284883477,-1.27329541733533,0.000226969510549679,-0.00338663551025093,0,26,0,0,0,0,0,1,0,0,0,1,0,0,0,1,0,0,0,0,1,0,0,0,0,0,1,0,25,13,"midpoint"
10,0,0,0,0,8,27,134,5,125.409035392214,0.413546897261403,1.18741822149605,-5.8419156616323,0.00452739957487211,-0.00885224832687527,0,38,0,1,1,0,0,0,0,1,0,0,1,0,1,0,0,0,0,0,0,0,0,0,0,0,0,0,25,13,"midpoint"
14,0,0,0,0,24,13,130,6,130.047529513794,0.41345420605503,1.58473873022012,-3.43154379774761,-0.000418315971037374,0.0185856491886079,0,32,0,0,0,0,0,0,0,1,0,0,1,1,0,0,0,1,0,0,0,0,0,0,1,1,0,0,25,13,"midpoint"
17,0,0,0,0,19,32,78,16,97.8063014534477,0.489741559443064,1.90694821788929,2.04436314248721,0.00339500354137272,0.0221097773383372,1,30,0,1,1,1,1,1,0,0,0,1,1,1,1,0,1,0,1,0,1,0,1,1,1,1,0,0,26,13,"midpoint"
5,0,0,0,0,4,19,117,14,113.314479638917,-0.303846266283654,1.23323287372477,-12.2658284673267,0.00144450505031273,0.0154161618766375,1,39,0,1,0,1,0,1,0,0,1,1,1,0,1,1,1,0,1,0,1,0,1,1,0,0,0,1,26,13,"midpoint"
12,0,0,0,0,23,25,107,6,114.191668441341,-0.30414271177724,1.24175504478626,-7.76690388982071,-0.004610482318094,0.0260923585714772,0,38,0,0,1,0,0,0,0,0,0,0,0,1,0,0,0,0,0,0,0,0,0,1,1,1,0,1,26,13,"midpoint"
11,0,0,0,0,14,25,87,14,86.5143284081831,0.504989521228708,1.17922152834944,-8.06254065194756,0.00835512674762867,-0.00219498734455556,1,27,0,1,0,0,1,1,0,1,0,1,0,1,0,1,0,1,1,0,1,1,1,0,1,0,0,1,26,13,"midpoint"
14,0,0,0,0,33,22,127,6,132.066041855655,0.41345420605503,1.58473873022012,-3.43154379774761,-0.000418315971037374,0.0185856491886079,0,32,0,0,0,0,0,0,0,1,0,0,1,1,0,0,0,1,0,0,0,0,0,0,1,1,0,0,26,13,"midpoint"
10,0,0,0,0,5,7,122,5,128.845383449567,0.413546897261403,1.18741822149605,-5.8419156616323,0.00452739957487211,-0.00885224832687527,0,38,0,1,1,0,0,0,0,1,0,0,1,0,1,0,0,0,0,0,0,0,0,0,0,0,0,0,26,13,"midpoint"
2,0,0,0,0,4,32,108,5,105.07714972764,0.583085473207757,1.12979284883477,-1.27329541733533,0.000226969510549679,-0.00338663551025093,0,26,0,0,0,0,0,1,0,0,0,1,0,0,0,1,0,0,0,0,1,0,0,0,0,0,1,0,26,13,"midpoint"
17,0,0,0,0,29,33,97,16,99.4907169692821,0.489741559443064,1.90694821788929,2.04436314248721,0.00339500354137272,0.0221097773383372,1,30,0,1,1,1,1,1,0,0,0,1,1,1,1,0,1,0,1,0,1,0,1,1,1,1,0,0,27,13,"midpoint"
5,0,0,0,0,33,2,103,14,103.208275239344,-0.303846266283654,1.23323287372477,-12.2658284673267,0.00144450505031273,0.0154161618766375,1,39,0,1,0,1,0,1,0,0,1,1,1,0,1,1,1,0,1,0,1,0,1,1,0,0,0,1,27,13,"midpoint"
11,0,0,0,0,35,11,80,14,79.8713459120969,0.504989521228708,1.17922152834944,-8.06254065194756,0.00835512674762867,-0.00219498734455556,1,27,0,1,0,0,1,1,0,1,0,1,0,1,0,1,0,1,1,0,1,1,1,0,1,0,0,1,27,13,"midpoint"
12,0,0,0,0,40,10,100,6,107.792270433171,-0.30414271177724,1.24175504478626,-7.76690388982071,-0.004610482318094,0.0260923585714772,0,38,0,0,1,0,0,0,0,0,0,0,0,1,0,0,0,0,0,0,0,0,0,1,1,1,0,1,27,13,"midpoint"
10,0,0,0,0,13,22,123,5,124.032044186036,0.413546897261403,1.18741822149605,-5.8419156616323,0.00452739957487211,-0.00885224832687527,0,38,0,1,1,0,0,0,0,1,0,0,1,0,1,0,0,0,0,0,0,0,0,0,0,0,0,0,27,13,"midpoint"
14,0,0,0,0,36,39,126,6,129.238684281032,0.41345420605503,1.58473873022012,-3.43154379774761,-0.000418315971037374,0.0185856491886079,0,32,0,0,0,0,0,0,0,1,0,0,1,1,0,0,0,1,0,0,0,0,0,0,1,1,0,0,27,13,"midpoint"
2,0,0,0,0,30,33,102,5,104.028041321885,0.583085473207757,1.12979284883477,-1.27329541733533,0.000226969510549679,-0.00338663551025093,0,26,0,0,0,0,0,1,0,0,0,1,0,0,0,1,0,0,0,0,1,0,0,0,0,0,1,0,27,13,"midpoint"
17,0,0,0,0,20,11,96,16,97.7901614168207,0.489741559443064,1.90694821788929,2.04436314248721,0.00339500354137272,0.0221097773383372,1,30,0,1,1,1,1,1,0,0,0,1,1,1,1,0,1,0,1,0,1,0,1,1,1,1,0,0,28,13,"midpoint"
5,0,0,0,0,12,31,132,14,113.411317092405,-0.303846266283654,1.23323287372477,-12.2658284673267,0.00144450505031273,0.0154161618766375,1,39,0,1,0,1,0,1,0,0,1,1,1,0,1,1,1,0,1,0,1,0,1,1,0,0,0,1,28,13,"midpoint"
12,0,0,0,0,9,3,119,6,114.252987348269,-0.30414271177724,1.24175504478626,-7.76690388982071,-0.004610482318094,0.0260923585714772,0,38,0,0,1,0,0,0,0,0,0,0,0,1,0,0,0,0,0,0,0,0,0,1,1,1,0,1,28,13,"midpoint"
11,0,0,0,0,22,7,87,14,86.5779813369238,0.504989521228708,1.17922152834944,-8.06254065194756,0.00835512674762867,-0.00219498734455556,1,27,0,1,0,0,1,1,0,1,0,1,0,1,0,1,0,1,1,0,1,1,1,0,1,0,0,1,28,13,"midpoint"
10,0,0,0,0,16,29,127,5,128.891504772531,0.413546897261403,1.18741822149605,-5.8419156616323,0.00452739957487211,-0.00885224832687527,0,38,0,1,1,0,0,0,0,1,0,0,1,0,1,0,0,0,0,0,0,0,0,0,0,0,0,0,28,13,"midpoint"
2,0,0,0,0,7,26,111,5,105.087202263927,0.583085473207757,1.12979284883477,-1.27329541733533,0.000226969510549679,-0.00338663551025093,0,26,0,0,0,0,0,1,0,0,0,1,0,0,0,1,0,0,0,0,1,0,0,0,0,0,1,0,28,13,"midpoint"
14,0,0,0,0,6,30,120,6,132.093133540802,0.41345420605503,1.58473873022012,-3.43154379774761,-0.000418315971037374,0.0185856491886079,0,32,0,0,0,0,0,0,0,1,0,0,1,1,0,0,0,1,0,0,0,0,0,0,1,1,0,0,28,13,"midpoint"
17,0,0,0,0,26,1,96,16,96.8216852141194,0.489741559443064,1.90694821788929,2.04436314248721,0.00339500354137272,0.0221097773383372,1,30,0,1,1,1,1,1,0,0,0,1,1,1,1,0,1,0,1,0,1,0,1,1,1,1,0,0,29,13,"midpoint"
5,0,0,0,0,21,28,119,14,119.222008319488,-0.303846266283654,1.23323287372477,-12.2658284673267,0.00144450505031273,0.0154161618766375,1,39,0,1,0,1,0,1,0,0,1,1,1,0,1,1,1,0,1,0,1,0,1,1,0,0,0,1,29,13,"midpoint"
12,0,0,0,0,21,24,119,6,117.932402922553,-0.30414271177724,1.24175504478626,-7.76690388982071,-0.004610482318094,0.0260923585714772,0,38,0,0,1,0,0,0,0,0,0,0,0,1,0,0,0,0,0,0,0,0,0,1,1,1,0,1,29,13,"midpoint"
11,0,0,0,0,28,15,88,14,90.3974489219358,0.504989521228708,1.17922152834944,-8.06254065194756,0.00835512674762867,-0.00219498734455556,1,27,0,1,0,0,1,1,0,1,0,1,0,1,0,1,0,1,1,0,1,1,1,0,1,0,0,1,29,13,"midpoint"
14,0,0,0,0,36,29,137,6,133.718758870069,0.41345420605503,1.58473873022012,-3.43154379774761,-0.000418315971037374,0.0185856491886079,0,32,0,0,0,0,0,0,0,1,0,0,1,1,0,0,0,1,0,0,0,0,0,0,1,1,0,0,29,13,"midpoint"
2,0,0,0,0,6,12,106,5,105.690400533877,0.583085473207757,1.12979284883477,-1.27329541733533,0.000226969510549679,-0.00338663551025093,0,26,0,0,0,0,0,1,0,0,0,1,0,0,0,1,0,0,0,0,1,0,0,0,0,0,1,0,29,13,"midpoint"
10,0,0,0,0,39,13,129,5,131.658995625255,0.413546897261403,1.18741822149605,-5.8419156616323,0.00452739957487211,-0.00885224832687527,0,38,0,1,1,0,0,0,0,1,0,0,1,0,1,0,0,0,0,0,0,0,0,0,0,0,0,0,29,13,"midpoint"
17,0,0,0,0,27,25,99,16,99.7361108790899,0.489741559443064,1.90694821788929,2.04436314248721,0.00339500354137272,0.0221097773383372,1,30,0,1,1,1,1,1,0,0,0,1,1,1,1,0,1,0,1,0,1,0,1,1,1,1,0,0,30,13,"midpoint"
5,0,0,0,0,12,35,100,14,101.735953839064,-0.303846266283654,1.23323287372477,-12.2658284673267,0.00144450505031273,0.0154161618766375,1,39,0,1,0,1,0,1,0,0,1,1,1,0,1,1,1,0,1,0,1,0,1,1,0,0,0,1,30,13,"midpoint"
11,0,0,0,0,33,30,79,14,78.903563656368,0.504989521228708,1.17922152834944,-8.06254065194756,0.00835512674762867,-0.00219498734455556,1,27,0,1,0,0,1,1,0,1,0,1,0,1,0,1,0,1,1,0,1,1,1,0,1,0,0,1,30,13,"midpoint"
12,0,0,0,0,6,18,109,6,106.859974759759,-0.30414271177724,1.24175504478626,-7.76690388982071,-0.004610482318094,0.0260923585714772,0,38,0,0,1,0,0,0,0,0,0,0,0,1,0,0,0,0,0,0,0,0,0,1,1,1,0,1,30,13,"midpoint"
14,0,0,0,0,5,16,130,6,128.826780969088,0.41345420605503,1.58473873022012,-3.43154379774761,-0.000418315971037374,0.0185856491886079,0,32,0,0,0,0,0,0,0,1,0,0,1,1,0,0,0,1,0,0,0,0,0,0,1,1,0,0,30,13,"midpoint"
2,0,0,0,0,11,6,107,5,103.875202066321,0.583085473207757,1.12979284883477,-1.27329541733533,0.000226969510549679,-0.00338663551025093,0,26,0,0,0,0,0,1,0,0,0,1,0,0,0,1,0,0,0,0,1,0,0,0,0,0,1,0,30,13,"midpoint"
17,0,0,0,0,6,10,91,16,95.7763354024862,0.489741559443064,1.90694821788929,2.04436314248721,0.00339500354137272,0.0221097773383372,1,30,0,1,1,1,1,1,0,0,0,1,1,1,1,0,1,0,1,0,1,0,1,1,1,1,0,0,31,13,"midpoint"
5,0,0,0,0,16,25,127,14,125.493928024637,-0.303846266283654,1.23323287372477,-12.2658284673267,0.00144450505031273,0.0154161618766375,1,39,0,1,0,1,0,1,0,0,1,1,1,0,1,1,1,0,1,0,1,0,1,1,0,0,0,1,31,13,"midpoint"
12,0,0,0,0,5,14,118,6,121.903875186683,-0.30414271177724,1.24175504478626,-7.76690388982071,-0.004610482318094,0.0260923585714772,0,38,0,0,1,0,0,0,0,0,0,0,0,1,0,0,0,0,0,0,0,0,0,1,1,1,0,1,31,13,"midpoint"
11,0,0,0,0,19,39,93,14,94.5200899423294,0.504989521228708,1.17922152834944,-8.06254065194756,0.00835512674762867,-0.00219498734455556,1,27,0,1,0,0,1,1,0,1,0,1,0,1,0,1,0,1,1,0,1,1,1,0,1,0,0,1,31,13,"midpoint"
14,0,0,0,0,30,3,124,6,135.473419570037,0.41345420605503,1.58473873022012,-3.43154379774761,-0.000418315971037374,0.0185856491886079,0,32,0,0,0,0,0,0,0,1,0,0,1,1,0,0,0,1,0,0,0,0,0,0,1,1,0,0,31,13,"midpoint"
17,0,0,0,0,16,34,97,16,98.8498882255222,0.489741559443064,1.90694821788929,2.04436314248721,0.00339500354137272,0.0221097773383372,1,30,0,1,1,1,1,1,0,0,0,1,1,1,1,0,1,0,1,0,1,0,1,1,1,1,0,0,32,13,"midpoint"
5,0,0,0,0,22,40,105,14,107.05313786895,-0.303846266283654,1.23323287372477,-12.2658284673267,0.00144450505031273,0.0154161618766375,1,39,0,1,0,1,0,1,0,0,1,1,1,0,1,1,1,0,1,0,1,0,1,1,0,0,0,1,32,13,"midpoint"
11,0,0,0,0,9,32,82,14,82.3986404470666,0.504989521228708,1.17922152834944,-8.06254065194756,0.00835512674762867,-0.00219498734455556,1,27,0,1,0,0,1,1,0,1,0,1,0,1,0,1,0,1,1,0,1,1,1,0,1,0,0,1,32,13,"midpoint"
12,0,0,0,0,28,37,115,6,110.226894282124,-0.30414271177724,1.24175504478626,-7.76690388982071,-0.004610482318094,0.0260923585714772,0,38,0,0,1,0,0,0,0,0,0,0,0,1,0,0,0,0,0,0,0,0,0,1,1,1,0,1,32,13,"midpoint"
14,0,0,0,0,25,4,128,6,130.314340486804,0.41345420605503,1.58473873022012,-3.43154379774761,-0.000418315971037374,0.0185856491886079,0,32,0,0,0,0,0,0,0,1,0,0,1,1,0,0,0,1,0,0,0,0,0,0,1,1,0,0,32,13,"midpoint"
17,0,0,0,0,3,39,84,16,95.5943120341052,0.489741559443064,1.90694821788929,2.04436314248721,0.00339500354137272,0.0221097773383372,1,30,0,1,1,1,1,1,0,0,0,1,1,1,1,0,1,0,1,0,1,0,1,1,1,1,0,0,33,13,"midpoint"
5,0,0,0,0,21,1,124,14,126.586037037564,-0.303846266283654,1.23323287372477,-12.2658284673267,0.00144450505031273,0.0154161618766375,1,39,0,1,0,1,0,1,0,0,1,1,1,0,1,1,1,0,1,0,1,0,1,1,0,0,0,1,33,13,"midpoint"
11,0,0,0,0,3,6,95,14,95.2379520367275,0.504989521228708,1.17922152834944,-8.06254065194756,0.00835512674762867,-0.00219498734455556,1,27,0,1,0,0,1,1,0,1,0,1,0,1,0,1,0,1,1,0,1,1,1,0,1,0,0,1,33,13,"midpoint"
12,0,0,0,0,40,11,116,6,122.595414756407,-0.30414271177724,1.24175504478626,-7.76690388982071,-0.004610482318094,0.0260923585714772,0,38,0,0,1,0,0,0,0,0,0,0,0,1,0,0,0,0,0,0,0,0,0,1,1,1,0,1,33,13,"midpoint"
17,0,0,0,0,13,29,93,16,94.8263325893296,0.489741559443064,1.90694821788929,2.04436314248721,0.00339500354137272,0.0221097773383372,1,30,0,1,1,1,1,1,0,0,0,1,1,1,1,0,1,0,1,0,1,0,1,1,1,1,0,0,34,13,"midpoint"
11,0,0,0,0,27,33,103,14,98.2667023427177,0.504989521228708,1.17922152834944,-8.06254065194756,0.00835512674762867,-0.00219498734455556,1,27,0,1,0,0,1,1,0,1,0,1,0,1,0,1,0,1,1,0,1,1,1,0,1,0,0,1,34,13,"midpoint"
5,0,0,0,0,1,3,136,14,131.193782080644,-0.303846266283654,1.23323287372477,-12.2658284673267,0.00144450505031273,0.0154161618766375,1,39,0,1,0,1,0,1,0,0,1,1,1,0,1,1,1,0,1,0,1,0,1,1,0,0,0,1,34,13,"midpoint"
12,0,0,0,0,30,26,126,6,125.513107025929,-0.30414271177724,1.24175504478626,-7.76690388982071,-0.004610482318094,0.0260923585714772,0,38,0,0,1,0,0,0,0,0,0,0,0,1,0,0,0,0,0,0,0,0,0,1,1,1,0,1,34,13,"midpoint"
17,0,0,0,0,36,23,97,16,97.6389260785842,0.489741559443064,1.90694821788929,2.04436314248721,0.00339500354137272,0.0221097773383372,1,30,0,1,1,1,1,1,0,0,0,1,1,1,1,0,1,0,1,0,1,0,1,1,1,1,0,0,35,13,"midpoint"
11,0,0,0,0,34,9,91,14,87.1744218798011,0.504989521228708,1.17922152834944,-8.06254065194756,0.00835512674762867,-0.00219498734455556,1,27,0,1,0,0,1,1,0,1,0,1,0,1,0,1,0,1,1,0,1,1,1,0,1,0,0,1,35,13,"midpoint"
5,0,0,0,0,26,24,105,14,114.318703201289,-0.303846266283654,1.23323287372477,-12.2658284673267,0.00144450505031273,0.0154161618766375,1,39,0,1,0,1,0,1,0,0,1,1,1,0,1,1,1,0,1,0,1,0,1,1,0,0,0,1,35,13,"midpoint"
12,0,0,0,0,21,18,110,6,114.827557644718,-0.30414271177724,1.24175504478626,-7.76690388982071,-0.004610482318094,0.0260923585714772,0,38,0,0,1,0,0,0,0,0,0,0,0,1,0,0,0,0,0,0,0,0,0,1,1,1,0,1,35,13,"midpoint"
17,0,0,0,0,23,31,90,16,98.2590847771223,0.489741559443064,1.90694821788929,2.04436314248721,0.00339500354137272,0.0221097773383372,1,30,0,1,1,1,1,1,0,0,0,1,1,1,1,0,1,0,1,0,1,0,1,1,1,1,0,0,36,13,"midpoint"
5,0,0,0,0,19,37,105,14,110.597857300333,-0.303846266283654,1.23323287372477,-12.2658284673267,0.00144450505031273,0.0154161618766375,1,39,0,1,0,1,0,1,0,0,1,1,1,0,1,1,1,0,1,0,1,0,1,1,0,0,0,1,36,13,"midpoint"
11,0,0,0,0,1,4,84,14,84.7286456800112,0.504989521228708,1.17922152834944,-8.06254065194756,0.00835512674762867,-0.00219498734455556,1,27,0,1,0,0,1,1,0,1,0,1,0,1,0,1,0,1,1,0,1,1,1,0,1,0,0,1,36,13,"midpoint"
12,0,0,0,0,14,6,111,6,112.471463021469,-0.30414271177724,1.24175504478626,-7.76690388982071,-0.004610482318094,0.0260923585714772,0,38,0,0,1,0,0,0,0,0,0,0,0,1,0,0,0,0,0,0,0,0,0,1,1,1,0,1,36,13,"midpoint"
17,0,0,0,0,40,4,99,16,101.398046514204,0.489741559443064,1.90694821788929,2.04436314248721,0.00339500354137272,0.0221097773383372,1,30,0,1,1,1,1,1,0,0,0,1,1,1,1,0,1,0,1,0,1,0,1,1,1,1,0,0,37,13,"midpoint"
5,0,0,0,0,3,20,92,14,91.7646248709419,-0.303846266283654,1.23323287372477,-12.2658284673267,0.00144450505031273,0.0154161618766375,1,39,0,1,0,1,0,1,0,0,1,1,1,0,1,1,1,0,1,0,1,0,1,1,0,0,0,1,37,13,"midpoint"
11,0,0,0,0,21,24,70,14,72.3492371081386,0.504989521228708,1.17922152834944,-8.06254065194756,0.00835512674762867,-0.00219498734455556,1,27,0,1,0,0,1,1,0,1,0,1,0,1,0,1,0,1,1,0,1,1,1,0,1,0,0,1,37,13,"midpoint"
12,0,0,0,0,26,23,111,6,100.545981868412,-0.30414271177724,1.24175504478626,-7.76690388982071,-0.004610482318094,0.0260923585714772,0,38,0,0,1,0,0,0,0,0,0,0,0,1,0,0,0,0,0,0,0,0,0,1,1,1,0,1,37,13,"midpoint"
17,0,0,0,0,36,9,98,16,99.1299440974278,0.489741559443064,1.90694821788929,2.04436314248721,0.00339500354137272,0.0221097773383372,1,30,0,1,1,1,1,1,0,0,0,1,1,1,1,0,1,0,1,0,1,0,1,1,1,1,0,0,38,13,"midpoint"
5,0,0,0,0,34,39,108,14,105.372850636867,-0.303846266283654,1.23323287372477,-12.2658284673267,0.00144450505031273,0.0154161618766375,1,39,0,1,0,1,0,1,0,0,1,1,1,0,1,1,1,0,1,0,1,0,1,1,0,0,0,1,38,13,"midpoint"
11,0,0,0,0,35,14,80,14,81.2941586624318,0.504989521228708,1.17922152834944,-8.06254065194756,0.00835512674762867,-0.00219498734455556,1,27,0,1,0,0,1,1,0,1,0,1,0,1,0,1,0,1,1,0,1,1,1,0,1,0,0,1,38,13,"midpoint"
12,0,0,0,0,32,14,111,6,109.162911570019,-0.30414271177724,1.24175504478626,-7.76690388982071,-0.004610482318094,0.0260923585714772,0,38,0,0,1,0,0,0,0,0,0,0,0,1,0,0,0,0,0,0,0,0,0,1,1,1,0,1,38,13,"midpoint"
17,0,0,0,0,14,26,97,16,98.8864205332059,0.489741559443064,1.90694821788929,2.04436314248721,0.00339500354137272,0.0221097773383372,1,30,0,1,1,1,1,1,0,0,0,1,1,1,1,0,1,0,1,0,1,0,1,1,1,1,0,0,39,13,"midpoint"
5,0,0,0,0,1,17,113,14,106.833950284195,-0.303846266283654,1.23323287372477,-12.2658284673267,0.00144450505031273,0.0154161618766375,1,39,0,1,0,1,0,1,0,0,1,1,1,0,1,1,1,0,1,0,1,0,1,1,0,0,0,1,39,13,"midpoint"
11,0,0,0,0,29,5,83,14,82.2545646663561,0.504989521228708,1.17922152834944,-8.06254065194756,0.00835512674762867,-0.00219498734455556,1,27,0,1,0,0,1,1,0,1,0,1,0,1,0,1,0,1,1,0,1,1,1,0,1,0,0,1,39,13,"midpoint"
12,0,0,0,0,12,19,111,6,110.08810146359,-0.30414271177724,1.24175504478626,-7.76690388982071,-0.004610482318094,0.0260923585714772,0,38,0,0,1,0,0,0,0,0,0,0,0,1,0,0,0,0,0,0,0,0,0,1,1,1,0,1,39,13,"midpoint"
17,0,0,0,0,20,26,99,16,100.575863684081,0.489741559443064,1.90694821788929,2.04436314248721,0.00339500354137272,0.0221097773383372,1,30,0,1,1,1,1,1,0,0,0,1,1,1,1,0,1,0,1,0,1,0,1,1,1,1,0,0,40,13,"midpoint"
11,0,0,0,0,37,25,73,14,75.5917542292084,0.504989521228708,1.17922152834944,-8.06254065194756,0.00835512674762867,-0.00219498734455556,1,27,0,1,0,0,1,1,0,1,0,1,0,1,0,1,0,1,1,0,1,1,1,0,1,0,0,1,40,13,"midpoint"
5,0,0,0,0,38,4,95,14,96.6975809360756,-0.303846266283654,1.23323287372477,-12.2658284673267,0.00144450505031273,0.0154161618766375,1,39,0,1,0,1,0,1,0,0,1,1,1,0,1,1,1,0,1,0,1,0,1,1,0,0,0,1,40,13,"midpoint"
12,0,0,0,0,11,17,116,6,103.669602564124,-0.30414271177724,1.24175504478626,-7.76690388982071,-0.004610482318094,0.0260923585714772,0,38,0,0,1,0,0,0,0,0,0,0,0,1,0,0,0,0,0,0,0,0,0,1,1,1,0,1,40,13,"midpoint"
17,0,0,0,0,25,3,97,16,99.9115987916702,0.489741559443064,1.90694821788929,2.04436314248721,0.00339500354137272,0.0221097773383372,1,30,0,1,1,1,1,1,0,0,0,1,1,1,1,0,1,0,1,0,1,0,1,1,1,1,0,0,41,13,"midpoint"
5,0,0,0,0,28,27,108,14,100.683056440816,-0.303846266283654,1.23323287372477,-12.2658284673267,0.00144450505031273,0.0154161618766375,1,39,0,1,0,1,0,1,0,0,1,1,1,0,1,1,1,0,1,0,1,0,1,1,0,0,0,1,41,13,"midpoint"
11,0,0,0,0,33,9,77,14,78.2114760327459,0.504989521228708,1.17922152834944,-8.06254065194756,0.00835512674762867,-0.00219498734455556,1,27,0,1,0,0,1,1,0,1,0,1,0,1,0,1,0,1,1,0,1,1,1,0,1,0,0,1,41,13,"midpoint"
17,0,0,0,0,5,13,101,16,103.019165586077,0.489741559443064,1.90694821788929,2.04436314248721,0.00339500354137272,0.0221097773383372,1,30,0,1,1,1,1,1,0,0,0,1,1,1,1,0,1,0,1,0,1,0,1,1,1,1,0,0,42,13,"midpoint"
5,0,0,0,0,14,34,86,14,82.0381882866287,-0.303846266283654,1.23323287372477,-12.2658284673267,0.00144450505031273,0.0154161618766375,1,39,0,1,0,1,0,1,0,0,1,1,1,0,1,1,1,0,1,0,1,0,1,1,0,0,0,1,42,13,"midpoint"
11,0,0,0,0,36,18,70,14,65.9558825484766,0.504989521228708,1.17922152834944,-8.06254065194756,0.00835512674762867,-0.00219498734455556,1,27,0,1,0,0,1,1,0,1,0,1,0,1,0,1,0,1,1,0,1,1,1,0,1,0,0,1,42,13,"midpoint"
17,0,0,0,0,32,10,102,16,100.40823485233,0.489741559443064,1.90694821788929,2.04436314248721,0.00339500354137272,0.0221097773383372,1,30,0,1,1,1,1,1,0,0,0,1,1,1,1,0,1,0,1,0,1,0,1,1,1,1,0,0,43,13,"midpoint"
5,0,0,0,0,9,39,97,14,97.7033251963292,-0.303846266283654,1.23323287372477,-12.2658284673267,0.00144450505031273,0.0154161618766375,1,39,0,1,0,1,0,1,0,0,1,1,1,0,1,1,1,0,1,0,1,0,1,1,0,0,0,1,43,13,"midpoint"
11,0,0,0,0,28,21,79,14,76.2528472817778,0.504989521228708,1.17922152834944,-8.06254065194756,0.00835512674762867,-0.00219498734455556,1,27,0,1,0,0,1,1,0,1,0,1,0,1,0,1,0,1,1,0,1,1,1,0,1,0,0,1,43,13,"midpoint"
17,0,0,0,0,12,27,96,16,97.9395898647845,0.489741559443064,1.90694821788929,2.04436314248721,0.00339500354137272,0.0221097773383372,1,30,0,1,1,1,1,1,0,0,0,1,1,1,1,0,1,0,1,0,1,0,1,1,1,1,0,0,44,13,"midpoint"
11,0,0,0,0,15,22,81,14,85.9886667913682,0.504989521228708,1.17922152834944,-8.06254065194756,0.00835512674762867,-0.00219498734455556,1,27,0,1,0,0,1,1,0,1,0,1,0,1,0,1,0,1,1,0,1,1,1,0,1,0,0,1,44,13,"midpoint"
5,0,0,0,0,28,14,119,14,112.514772015471,-0.303846266283654,1.23323287372477,-12.2658284673267,0.00144450505031273,0.0154161618766375,1,39,0,1,0,1,0,1,0,0,1,1,1,0,1,1,1,0,1,0,1,0,1,1,0,0,0,1,44,13,"midpoint"
17,0,0,0,0,15,4,99,16,101.219465046357,0.489741559443064,1.90694821788929,2.04436314248721,0.00339500354137272,0.0221097773383372,1,30,0,1,1,1,1,1,0,0,0,1,1,1,1,0,1,0,1,0,1,0,1,1,1,1,0,0,45,13,"midpoint"
11,0,0,0,0,39,17,74,14,73.053525066708,0.504989521228708,1.17922152834944,-8.06254065194756,0.00835512674762867,-0.00219498734455556,1,27,0,1,0,0,1,1,0,1,0,1,0,1,0,1,0,1,1,0,1,1,1,0,1,0,0,1,45,13,"midpoint"
17,0,0,0,0,6,31,92,16,100.496847597025,0.489741559443064,1.90694821788929,2.04436314248721,0.00339500354137272,0.0221097773383372,1,30,0,1,1,1,1,1,0,0,0,1,1,1,1,0,1,0,1,0,1,0,1,1,1,1,0,0,46,13,"midpoint"
11,0,0,0,0,13,36,78,14,75.9033771502091,0.504989521228708,1.17922152834944,-8.06254065194756,0.00835512674762867,-0.00219498734455556,1,27,0,1,0,0,1,1,0,1,0,1,0,1,0,1,0,1,1,0,1,1,1,0,1,0,0,1,46,13,"midpoint"
17,0,0,0,0,25,34,94,16,97.6425354671317,0.489741559443064,1.90694821788929,2.04436314248721,0.00339500354137272,0.0221097773383372,1,30,0,1,1,1,1,1,0,0,0,1,1,1,1,0,1,0,1,0,1,0,1,1,1,1,0,0,47,13,"midpoint"
11,0,0,0,0,39,8,84,14,87.1601872062793,0.504989521228708,1.17922152834944,-8.06254065194756,0.00835512674762867,-0.00219498734455556,1,27,0,1,0,0,1,1,0,1,0,1,0,1,0,1,0,1,1,0,1,1,1,0,1,0,0,1,47,13,"midpoint"
17,0,0,0,0,3,28,95,16,96.7383852549157,0.489741559443064,1.90694821788929,2.04436314248721,0.00339500354137272,0.0221097773383372,1,30,0,1,1,1,1,1,0,0,0,1,1,1,1,0,1,0,1,0,1,0,1,1,1,1,0,0,48,13,"midpoint"
11,0,0,0,0,3,23,88,14,90.7259665387073,0.504989521228708,1.17922152834944,-8.06254065194756,0.00835512674762867,-0.00219498734455556,1,27,0,1,0,0,1,1,0,1,0,1,0,1,0,1,0,1,1,0,1,1,1,0,1,0,0,1,48,13,"midpoint"
17,0,0,0,0,14,38,96,16,98.7152575253084,0.489741559443064,1.90694821788929,2.04436314248721,0.00339500354137272,0.0221097773383372,1,30,0,1,1,1,1,1,0,0,0,1,1,1,1,0,1,0,1,0,1,0,1,1,1,1,0,0,49,13,"midpoint"
11,0,0,0,0,36,36,84,14,82.9295957704702,0.504989521228708,1.17922152834944,-8.06254065194756,0.00835512674762867,-0.00219498734455556,1,27,0,1,0,0,1,1,0,1,0,1,0,1,0,1,0,1,1,0,1,1,1,0,1,0,0,1,49,13,"midpoint"
17,0,0,0,0,30,10,97,16,99.4907359633243,0.489741559443064,1.90694821788929,2.04436314248721,0.00339500354137272,0.0221097773383372,1,30,0,1,1,1,1,1,0,0,0,1,1,1,1,0,1,0,1,0,1,0,1,1,1,1,0,0,50,13,"midpoint"
11,0,0,0,0,5,6,82,14,79.8712710035672,0.504989521228708,1.17922152834944,-8.06254065194756,0.00835512674762867,-0.00219498734455556,1,27,0,1,0,0,1,1,0,1,0,1,0,1,0,1,0,1,1,0,1,1,1,0,1,0,0,1,50,13,"midpoint"
17,0,0,0,0,4,19,96,16,100.998958009123,0.489741559443064,1.90694821788929,2.04436314248721,0.00339500354137272,0.0221097773383372,1,30,0,1,1,1,1,1,0,0,0,1,1,1,1,0,1,0,1,0,1,0,1,1,1,1,0,0,51,13,"midpoint"
11,0,0,0,0,34,26,75,14,73.9231587021405,0.504989521228708,1.17922152834944,-8.06254065194756,0.00835512674762867,-0.00219498734455556,1,27,0,1,0,0,1,1,0,1,0,1,0,1,0,1,0,1,1,0,1,1,1,0,1,0,0,1,51,13,"midpoint"
17,0,0,0,0,16,12,93,16,102.762110360176,0.489741559443064,1.90694821788929,2.04436314248721,0.00339500354137272,0.0221097773383372,1,30,0,1,1,1,1,1,0,0,0,1,1,1,1,0,1,0,1,0,1,0,1,1,1,1,0,0,52,13,"midpoint"
11,0,0,0,0,37,34,65,14,66.9696545958947,0.504989521228708,1.17922152834944,-8.06254065194756,0.00835512674762867,-0.00219498734455556,1,27,0,1,0,0,1,1,0,1,0,1,0,1,0,1,0,1,1,0,1,1,1,0,1,0,0,1,52,13,"midpoint"
17,0,0,0,0,36,15,104,16,100.614807151437,0.489741559443064,1.90694821788929,2.04436314248721,0.00339500354137272,0.0221097773383372,1,30,0,1,1,1,1,1,0,0,0,1,1,1,1,0,1,0,1,0,1,0,1,1,1,1,0,0,53,13,"midpoint"
11,0,0,0,0,10,20,77,14,75.4381693390467,0.504989521228708,1.17922152834944,-8.06254065194756,0.00835512674762867,-0.00219498734455556,1,27,0,1,0,0,1,1,0,1,0,1,0,1,0,1,0,1,1,0,1,1,1,0,1,0,0,1,53,13,"midpoint"
17,0,0,0,0,3,36,100,16,100.506326003241,0.489741559443064,1.90694821788929,2.04436314248721,0.00339500354137272,0.0221097773383372,1,30,0,1,1,1,1,1,0,0,0,1,1,1,1,0,1,0,1,0,1,0,1,1,1,1,0,0,54,13,"midpoint"
11,0,0,0,0,13,13,72,14,75.865996298515,0.504989521228708,1.17922152834944,-8.06254065194756,0.00835512674762867,-0.00219498734455556,1,27,0,1,0,0,1,1,0,1,0,1,0,1,0,1,0,1,1,0,1,1,1,0,1,0,0,1,54,13,"midpoint"
17,0,0,0,0,18,40,96,16,101.140305247603,0.489741559443064,1.90694821788929,2.04436314248721,0.00339500354137272,0.0221097773383372,1,30,0,1,1,1,1,1,0,0,0,1,1,1,1,0,1,0,1,0,1,0,1,1,1,1,0,0,55,13,"midpoint"
11,0,0,0,0,29,34,76,14,73.36571475659,0.504989521228708,1.17922152834944,-8.06254065194756,0.00835512674762867,-0.00219498734455556,1,27,0,1,0,0,1,1,0,1,0,1,0,1,0,1,0,1,1,0,1,1,1,0,1,0,0,1,55,13,"midpoint"
17,0,0,0,0,23,28,105,16,100.676812684528,0.489741559443064,1.90694821788929,2.04436314248721,0.00339500354137272,0.0221097773383372,1,30,0,1,1,1,1,1,0,0,0,1,1,1,1,0,1,0,1,0,1,0,1,1,1,1,0,0,56,13,"midpoint"
11,0,0,0,0,4,33,77,14,75.1936324851014,0.504989521228708,1.17922152834944,-8.06254065194756,0.00835512674762867,-0.00219498734455556,1,27,0,1,0,0,1,1,0,1,0,1,0,1,0,1,0,1,1,0,1,1,1,0,1,0,0,1,56,13,"midpoint"
17,0,0,0,0,8,29,102,16,101.347490562972,0.489741559443064,1.90694821788929,2.04436314248721,0.00339500354137272,0.0221097773383372,1,30,0,1,1,1,1,1,0,0,0,1,1,1,1,0,1,0,1,0,1,0,1,1,1,1,0,0,57,13,"midpoint"
11,0,0,0,0,10,21,72,14,72.5486192059314,0.504989521228708,1.17922152834944,-8.06254065194756,0.00835512674762867,-0.00219498734455556,1,27,0,1,0,0,1,1,0,1,0,1,0,1,0,1,0,1,1,0,1,1,1,0,1,0,0,1,57,13,"midpoint"
17,0,0,0,0,2,21,89,16,101.678053027234,0.489741559443064,1.90694821788929,2.04436314248721,0.00339500354137272,0.0221097773383372,1,30,0,1,1,1,1,1,0,0,0,1,1,1,1,0,1,0,1,0,1,0,1,1,1,1,0,0,58,13,"midpoint"
11,0,0,0,0,18,31,75,14,71.2449499845863,0.504989521228708,1.17922152834944,-8.06254065194756,0.00835512674762867,-0.00219498734455556,1,27,0,1,0,0,1,1,0,1,0,1,0,1,0,1,0,1,1,0,1,1,1,0,1,0,0,1,58,13,"midpoint"
17,0,0,0,0,8,25,89,16,100.673652571957,0.489741559443064,1.90694821788929,2.04436314248721,0.00339500354137272,0.0221097773383372,1,30,0,1,1,1,1,1,0,0,0,1,1,1,1,0,1,0,1,0,1,0,1,1,1,1,0,0,59,13,"midpoint"
11,0,0,0,0,28,30,74,14,75.2060953081351,0.504989521228708,1.17922152834944,-8.06254065194756,0.00835512674762867,-0.00219498734455556,1,27,0,1,0,0,1,1,0,1,0,1,0,1,0,1,0,1,1,0,1,1,1,0,1,0,0,1,59,13,"midpoint"
17,0,0,0,0,39,40,97,16,100.862722181857,0.489741559443064,1.90694821788929,2.04436314248721,0.00339500354137272,0.0221097773383372,1,30,0,1,1,1,1,1,0,0,0,1,1,1,1,0,1,0,1,0,1,0,1,1,1,1,0,0,60,13,"midpoint"
11,0,0,0,0,10,20,72,14,74.4604443109222,0.504989521228708,1.17922152834944,-8.06254065194756,0.00835512674762867,-0.00219498734455556,1,27,0,1,0,0,1,1,0,1,0,1,0,1,0,1,0,1,1,0,1,1,1,0,1,0,0,1,60,13,"midpoint"
17,0,0,0,0,27,22,104,16,102.796926635438,0.489741559443064,1.90694821788929,2.04436314248721,0.00339500354137272,0.0221097773383372,1,30,0,1,1,1,1,1,0,0,0,1,1,1,1,0,1,0,1,0,1,0,1,1,1,1,0,0,61,13,"midpoint"
11,0,0,0,0,32,4,66,14,66.8323464881439,0.504989521228708,1.17922152834944,-8.06254065194756,0.00835512674762867,-0.00219498734455556,1,27,0,1,0,0,1,1,0,1,0,1,0,1,0,1,0,1,1,0,1,1,1,0,1,0,0,1,61,13,"midpoint"
17,0,0,0,0,40,31,99,16,105.747259182635,0.489741559443064,1.90694821788929,2.04436314248721,0.00339500354137272,0.0221097773383372,1,30,0,1,1,1,1,1,0,0,0,1,1,1,1,0,1,0,1,0,1,0,1,1,1,1,0,0,62,13,"midpoint"
11,0,0,0,0,10,10,58,14,55.1968519890587,0.504989521228708,1.17922152834944,-8.06254065194756,0.00835512674762867,-0.00219498734455556,1,27,0,1,0,0,1,1,0,1,0,1,0,1,0,1,0,1,1,0,1,1,1,0,1,0,0,1,62,13,"midpoint"
11,0,0,0,0,35,26,49,14,62.130401681935,0.504989521228708,1.17922152834944,-8.06254065194756,0.00835512674762867,-0.00219498734455556,1,27,0,1,0,0,1,1,0,1,0,1,0,1,0,1,0,1,1,0,1,1,1,0,1,0,0,1,63,13,"midpoint"
17,0,0,0,0,22,38,103,16,103.989166535338,0.489741559443064,1.90694821788929,2.04436314248721,0.00339500354137272,0.0221097773383372,1,30,0,1,1,1,1,1,0,0,0,1,1,1,1,0,1,0,1,0,1,0,1,1,1,1,0,0,63,13,"midpoint"
11,0,0,0,0,9,37,51,14,53.7584763218259,0.504989521228708,1.17922152834944,-8.06254065194756,0.00835512674762867,-0.00219498734455556,1,27,0,1,0,0,1,1,0,1,0,1,0,1,0,1,0,1,1,0,1,1,1,0,1,0,0,1,64,13,"midpoint"
17,0,0,0,0,16,12,104,16,106.111978236601,0.489741559443064,1.90694821788929,2.04436314248721,0.00339500354137272,0.0221097773383372,1,30,0,1,1,1,1,1,0,0,0,1,1,1,1,0,1,0,1,0,1,0,1,1,1,1,0,0,64,13,"midpoint"
11,0,0,0,0,33,27,66,14,68.5208271179093,0.504989521228708,1.17922152834944,-8.06254065194756,0.00835512674762867,-0.00219498734455556,1,27,0,1,0,0,1,1,0,1,0,1,0,1,0,1,0,1,1,0,1,1,1,0,1,0,0,1,65,13,"midpoint"
17,0,0,0,0,27,33,102,16,102.368790181271,0.489741559443064,1.90694821788929,2.04436314248721,0.00339500354137272,0.0221097773383372,1,30,0,1,1,1,1,1,0,0,0,1,1,1,1,0,1,0,1,0,1,0,1,1,1,1,0,0,65,13,"midpoint"
11,0,0,0,0,32,33,70,14,69.7941305982372,0.504989521228708,1.17922152834944,-8.06254065194756,0.00835512674762867,-0.00219498734455556,1,27,0,1,0,0,1,1,0,1,0,1,0,1,0,1,0,1,1,0,1,1,1,0,1,0,0,1,66,13,"midpoint"
17,0,0,0,0,16,28,99,16,102.04592734972,0.489741559443064,1.90694821788929,2.04436314248721,0.00339500354137272,0.0221097773383372,1,30,0,1,1,1,1,1,0,0,0,1,1,1,1,0,1,0,1,0,1,0,1,1,1,1,0,0,66,13,"midpoint"
11,0,0,0,0,27,23,67,14,71.3613960868887,0.504989521228708,1.17922152834944,-8.06254065194756,0.00835512674762867,-0.00219498734455556,1,27,0,1,0,0,1,1,0,1,0,1,0,1,0,1,0,1,1,0,1,1,1,0,1,0,0,1,67,13,"midpoint"
17,0,0,0,0,12,33,94,16,101.648526587627,0.489741559443064,1.90694821788929,2.04436314248721,0.00339500354137272,0.0221097773383372,1,30,0,1,1,1,1,1,0,0,0,1,1,1,1,0,1,0,1,0,1,0,1,1,1,1,0,0,67,13,"midpoint"
11,0,0,0,0,33,15,79,14,77.4891389243841,0.504989521228708,1.17922152834944,-8.06254065194756,0.00835512674762867,-0.00219498734455556,1,27,0,1,0,0,1,1,0,1,0,1,0,1,0,1,0,1,1,0,1,1,1,0,1,0,0,1,68,13,"midpoint"
17,0,0,0,0,15,37,94,16,100.094756858654,0.489741559443064,1.90694821788929,2.04436314248721,0.00339500354137272,0.0221097773383372,1,30,0,1,1,1,1,1,0,0,0,1,1,1,1,0,1,0,1,0,1,0,1,1,1,1,0,0,68,13,"midpoint"
11,0,0,0,0,33,29,68,14,60.494980847893,0.504989521228708,1.17922152834944,-8.06254065194756,0.00835512674762867,-0.00219498734455556,1,27,0,1,0,0,1,1,0,1,0,1,0,1,0,1,0,1,1,0,1,1,1,0,1,0,0,1,69,13,"midpoint"
17,0,0,0,0,21,12,104,16,104.403848980972,0.489741559443064,1.90694821788929,2.04436314248721,0.00339500354137272,0.0221097773383372,1,30,0,1,1,1,1,1,0,0,0,1,1,1,1,0,1,0,1,0,1,0,1,1,1,1,0,0,69,13,"midpoint"
11,0,0,0,0,5,6,53,14,51.5081704967313,0.504989521228708,1.17922152834944,-8.06254065194756,0.00835512674762867,-0.00219498734455556,1,27,0,1,0,0,1,1,0,1,0,1,0,1,0,1,0,1,1,0,1,1,1,0,1,0,0,1,70,13,"midpoint"
17,0,0,0,0,30,32,108,16,106.682572852708,0.489741559443064,1.90694821788929,2.04436314248721,0.00339500354137272,0.0221097773383372,1,30,0,1,1,1,1,1,0,0,0,1,1,1,1,0,1,0,1,0,1,0,1,1,1,1,0,0,70,13,"midpoint"
